0,1,-0.0009493295360151893
0,2,-0.00047466476800759466
0,3,-0.000355998576005696
0,4,-0.00011866619200189867
0,5,-0.00047466476800759466
0,6,-0.000711997152011392
0,7,-0.0005933309600094933
0,8,-0.000711997152011392
0,9,-0.0008306633440132907
0,10,0.005695977216091136
0,11,-0.00011866619200189867
0,12,-0.00011866619200189867
0,13,-0.0009493295360151893
0,14,0.004865313872077845
0,15,0.005458644832087339
0,16,-0.000711997152011392
0,17,-0.001067995728017088
0,18,-0.0008306633440132907
0,19,-0.00047466476800759466
0,20,-0.001067995728017088
0,21,-0.000711997152011392
0,22,-0.00011866619200189867
0,23,-0.000355998576005696
0,24,-0.000711997152011392
0,25,-0.000355998576005696
0,26,-0.000355998576005696
0,27,-0.0005933309600094933
0,28,-0.0005933309600094933
0,29,-0.001067995728017088
0,30,-0.0005933309600094933
0,31,-0.00011866619200189867
0,32,-0.000355998576005696
0,33,-0.0011866619200189867
0,34,-0.0005933309600094933
0,35,-0.00011866619200189867
0,36,-0.0008306633440132907
0,37,-0.0013053281120208853
0,38,-0.0009493295360151893
0,39,-0.00023733238400379733
0,40,0.00533997864008544
0,41,-0.0005933309600094933
0,42,0.005577311024089237
0,43,-0.0008306633440132907
0,44,-0.00047466476800759466
0,45,-0.0013053281120208853
0,46,-0.00023733238400379733
0,47,0.005577311024089237
0,48,-0.00011866619200189867
0,49,-0.00023733238400379733
0,50,-0.0008306633440132907
0,51,-0.0011866619200189867
0,52,-0.00047466476800759466
0,53,-0.00023733238400379733
0,54,-0.0008306633440132907
0,55,-0.00023733238400379733
0,56,-0.00023733238400379733
0,57,-0.001067995728017088
0,58,-0.00011866619200189867
0,59,-0.0005933309600094933
0,60,-0.00011866619200189867
0,61,-0.000355998576005696
1,2,-0.0006328863573434595
1,3,-0.00047466476800759466
1,4,-0.0001582215893358649
1,5,-0.0006328863573434595
1,6,-0.0009493295360151893
1,7,-0.0007911079466793244
1,8,-0.0009493295360151893
1,9,-0.0011075511253510542
1,10,-0.0007911079466793244
1,11,-0.0001582215893358649
1,12,-0.0001582215893358649
1,13,-0.001265772714686919
1,14,-0.0018986590720303786
1,15,-0.0011075511253510542
1,16,-0.0009493295360151893
1,17,0.004865313872077845
1,18,-0.0011075511253510542
1,19,0.00565642181875717
1,20,-0.001423994304022784
1,21,-0.0009493295360151893
1,22,-0.0001582215893358649
1,23,-0.00047466476800759466
1,24,-0.0009493295360151893
1,25,-0.00047466476800759466
1,26,0.005814643408093035
1,27,0.005498200229421305
1,28,0.005498200229421305
1,29,-0.001423994304022784
1,30,-0.0007911079466793244
1,31,-0.0001582215893358649
1,32,-0.00047466476800759466
1,33,-0.0015822158933586489
1,34,-0.0007911079466793244
1,35,-0.0001582215893358649
1,36,0.005181757050749575
1,37,-0.0017404374826945138
1,38,-0.001265772714686919
1,39,-0.0003164431786717298
1,40,-0.001265772714686919
1,41,0.005498200229421305
1,42,-0.0009493295360151893
1,43,-0.0011075511253510542
1,44,-0.0006328863573434595
1,45,-0.0017404374826945138
1,46,-0.0003164431786717298
1,47,-0.0009493295360151893
1,48,-0.0001582215893358649
1,49,-0.0003164431786717298
1,50,-0.0011075511253510542
1,51,-0.0015822158933586489
1,52,-0.0006328863573434595
1,53,-0.0003164431786717298
1,54,0.005181757050749575
1,55,-0.0003164431786717298
1,56,-0.0003164431786717298
1,57,-0.001423994304022784
1,58,-0.0001582215893358649
1,59,-0.0007911079466793244
1,60,-0.0001582215893358649
1,61,-0.00047466476800759466
2,3,-0.00023733238400379733
2,4,-7.911079466793244e-05
2,5,-0.0003164431786717298
2,6,-0.00047466476800759466
2,7,-0.0003955539733396622
2,8,-0.00047466476800759466
2,9,-0.0005537755626755271
2,10,0.005893754202760967
2,11,-7.911079466793244e-05
2,12,-7.911079466793244e-05
2,13,-0.0006328863573434595
2,14,-0.0009493295360151893
2,15,-0.0005537755626755271
2,16,-0.00047466476800759466
2,17,-0.000711997152011392
2,18,-0.0005537755626755271
2,19,-0.0003164431786717298
2,20,-0.000711997152011392
2,21,-0.00047466476800759466
2,22,-7.911079466793244e-05
2,23,-0.00023733238400379733
2,24,-0.00047466476800759466
2,25,-0.00023733238400379733
2,26,-0.00023733238400379733
2,27,-0.0003955539733396622
2,28,-0.0003955539733396622
2,29,-0.000711997152011392
2,30,-0.0003955539733396622
2,31,-7.911079466793244e-05
2,32,-0.00023733238400379733
2,33,-0.0007911079466793244
2,34,-0.0003955539733396622
2,35,-7.911079466793244e-05
2,36,-0.0005537755626755271
2,37,-0.0008702187413472569
2,38,-0.0006328863573434595
2,39,-0.0001582215893358649
2,40,-0.0006328863573434595
2,41,-0.0003955539733396622
2,42,0.005814643408093035
2,43,-0.0005537755626755271
2,44,0.0059728649974288995
2,45,-0.0008702187413472569
2,46,-0.0001582215893358649
2,47,-0.00047466476800759466
2,48,-7.911079466793244e-05
2,49,-0.0001582215893358649
2,50,-0.0005537755626755271
2,51,-0.0007911079466793244
2,52,-0.0003164431786717298
2,53,-0.0001582215893358649
2,54,-0.0005537755626755271
2,55,-0.0001582215893358649
2,56,-0.0001582215893358649
2,57,-0.000711997152011392
2,58,-7.911079466793244e-05
2,59,-0.0003955539733396622
2,60,-7.911079466793244e-05
2,61,0.006051975792096832
3,4,-5.933309600094933e-05
3,5,-0.00023733238400379733
3,6,-0.000355998576005696
3,7,-0.00029666548000474666
3,8,0.005933309600094933
3,9,-0.00041533167200664533
3,10,-0.00029666548000474666
3,11,-5.933309600094933e-05
3,12,-5.933309600094933e-05
3,13,-0.00047466476800759466
3,14,0.005577311024089237
3,15,-0.00041533167200664533
3,16,-0.000355998576005696
3,17,-0.000533997864008544
3,18,-0.00041533167200664533
3,19,-0.00023733238400379733
3,20,-0.000533997864008544
3,21,-0.000355998576005696
3,22,-5.933309600094933e-05
3,23,-0.000177999288002848
3,24,-0.000355998576005696
3,25,-0.000177999288002848
3,26,-0.000177999288002848
3,27,-0.00029666548000474666
3,28,-0.00029666548000474666
3,29,-0.000533997864008544
3,30,-0.00029666548000474666
3,31,-5.933309600094933e-05
3,32,-0.000177999288002848
3,33,-0.0005933309600094933
3,34,-0.00029666548000474666
3,35,-5.933309600094933e-05
3,36,-0.00041533167200664533
3,37,-0.0006526640560104427
3,38,-0.00047466476800759466
3,39,-0.00011866619200189867
3,40,-0.00047466476800759466
3,41,-0.00029666548000474666
3,42,-0.000355998576005696
3,43,-0.00041533167200664533
3,44,-0.00023733238400379733
3,45,-0.0006526640560104427
3,46,-0.00011866619200189867
3,47,-0.000355998576005696
3,48,-5.933309600094933e-05
3,49,-0.00011866619200189867
3,50,-0.00041533167200664533
3,51,-0.0005933309600094933
3,52,-0.00023733238400379733
3,53,-0.00011866619200189867
3,54,-0.00041533167200664533
3,55,-0.00011866619200189867
3,56,-0.00011866619200189867
3,57,-0.000533997864008544
3,58,-5.933309600094933e-05
3,59,0.005992642696095883
3,60,-5.933309600094933e-05
3,61,-0.000177999288002848
4,5,-7.911079466793244e-05
4,6,-0.00011866619200189867
4,7,-9.888849333491555e-05
4,8,-0.00011866619200189867
4,9,-0.00013844389066888178
4,10,-9.888849333491555e-05
4,11,-1.977769866698311e-05
4,12,-1.977769866698311e-05
4,13,-0.0001582215893358649
4,14,-0.00023733238400379733
4,15,-0.00013844389066888178
4,16,-0.00011866619200189867
4,17,-0.000177999288002848
4,18,-0.00013844389066888178
4,19,-7.911079466793244e-05
4,20,-0.000177999288002848
4,21,-0.00011866619200189867
4,22,-1.977769866698311e-05
4,23,-5.933309600094933e-05
4,24,-0.00011866619200189867
4,25,-5.933309600094933e-05
4,26,-5.933309600094933e-05
4,27,-9.888849333491555e-05
4,28,-9.888849333491555e-05
4,29,-0.000177999288002848
4,30,-9.888849333491555e-05
4,31,-1.977769866698311e-05
4,32,-5.933309600094933e-05
4,33,-0.0001977769866698311
4,34,-9.888849333491555e-05
4,35,-1.977769866698311e-05
4,36,-0.00013844389066888178
4,37,-0.00021755468533681422
4,38,-0.0001582215893358649
4,39,-3.955539733396622e-05
4,40,-0.0001582215893358649
4,41,-9.888849333491555e-05
4,42,-0.00011866619200189867
4,43,-0.00013844389066888178
4,44,-7.911079466793244e-05
4,45,-0.00021755468533681422
4,46,-3.955539733396622e-05
4,47,-0.00011866619200189867
4,48,-1.977769866698311e-05
4,49,-3.955539733396622e-05
4,50,-0.00013844389066888178
4,51,0.006091531189430798
4,52,-7.911079466793244e-05
4,53,-3.955539733396622e-05
4,54,-0.00013844389066888178
4,55,-3.955539733396622e-05
4,56,-3.955539733396622e-05
4,57,-0.000177999288002848
4,58,-1.977769866698311e-05
4,59,-9.888849333491555e-05
4,60,-1.977769866698311e-05
4,61,-5.933309600094933e-05
5,6,-0.00047466476800759466
5,7,-0.0003955539733396622
5,8,-0.00047466476800759466
5,9,0.005735532613425102
5,10,-0.0003955539733396622
5,11,-7.911079466793244e-05
5,12,-7.911079466793244e-05
5,13,0.00565642181875717
5,14,-0.0009493295360151893
5,15,-0.0005537755626755271
5,16,-0.00047466476800759466
5,17,-0.000711997152011392
5,18,-0.0005537755626755271
5,19,-0.0003164431786717298
5,20,-0.000711997152011392
5,21,-0.00047466476800759466
5,22,-7.911079466793244e-05
5,23,-0.00023733238400379733
5,24,-0.00047466476800759466
5,25,-0.00023733238400379733
5,26,-0.00023733238400379733
5,27,-0.0003955539733396622
5,28,-0.0003955539733396622
5,29,-0.000711997152011392
5,30,-0.0003955539733396622
5,31,-7.911079466793244e-05
5,32,-0.00023733238400379733
5,33,-0.0007911079466793244
5,34,-0.0003955539733396622
5,35,-7.911079466793244e-05
5,36,-0.0005537755626755271
5,37,-0.0008702187413472569
5,38,-0.0006328863573434595
5,39,-0.0001582215893358649
5,40,-0.0006328863573434595
5,41,-0.0003955539733396622
5,42,-0.00047466476800759466
5,43,-0.0005537755626755271
5,44,-0.0003164431786717298
5,45,-0.0008702187413472569
5,46,-0.0001582215893358649
5,47,-0.00047466476800759466
5,48,-7.911079466793244e-05
5,49,-0.0001582215893358649
5,50,-0.0005537755626755271
5,51,-0.0007911079466793244
5,52,-0.0003164431786717298
5,53,-0.0001582215893358649
5,54,-0.0005537755626755271
5,55,-0.0001582215893358649
5,56,0.006131086586764764
5,57,0.005577311024089237
5,58,-7.911079466793244e-05
5,59,-0.0003955539733396622
5,60,-7.911079466793244e-05
5,61,-0.00023733238400379733
6,7,-0.0005933309600094933
6,8,-0.000711997152011392
6,9,0.005458644832087339
6,10,-0.0005933309600094933
6,11,-0.00011866619200189867
6,12,-0.00011866619200189867
6,13,0.00533997864008544
6,14,-0.001423994304022784
6,15,-0.0008306633440132907
6,16,-0.000711997152011392
6,17,0.005221312448083541
6,18,-0.0008306633440132907
6,19,-0.00047466476800759466
6,20,-0.001067995728017088
6,21,-0.000711997152011392
6,22,-0.00011866619200189867
6,23,-0.000355998576005696
6,24,-0.000711997152011392
6,25,-0.000355998576005696
6,26,-0.000355998576005696
6,27,-0.0005933309600094933
6,28,-0.0005933309600094933
6,29,-0.001067995728017088
6,30,-0.0005933309600094933
6,31,-0.00011866619200189867
6,32,-0.000355998576005696
6,33,-0.0011866619200189867
6,34,-0.0005933309600094933
6,35,-0.00011866619200189867
6,36,-0.0008306633440132907
6,37,-0.0013053281120208853
6,38,-0.0009493295360151893
6,39,-0.00023733238400379733
6,40,-0.0009493295360151893
6,41,-0.0005933309600094933
6,42,-0.000711997152011392
6,43,-0.0008306633440132907
6,44,-0.00047466476800759466
6,45,-0.0013053281120208853
6,46,-0.00023733238400379733
6,47,-0.000711997152011392
6,48,-0.00011866619200189867
6,49,-0.00023733238400379733
6,50,-0.0008306633440132907
6,51,-0.0011866619200189867
6,52,-0.00047466476800759466
6,53,-0.00023733238400379733
6,54,0.005458644832087339
6,55,-0.00023733238400379733
6,56,0.006051975792096832
6,57,0.005221312448083541
6,58,-0.00011866619200189867
6,59,-0.0005933309600094933
6,60,-0.00011866619200189867
6,61,-0.000355998576005696
7,8,-0.0005933309600094933
7,9,-0.0006922194533444089
7,10,-0.0004944424666745778
7,11,-9.888849333491555e-05
7,12,-9.888849333491555e-05
7,13,-0.0007911079466793244
7,14,-0.0011866619200189867
7,15,-0.0006922194533444089
7,16,-0.0005933309600094933
7,17,-0.00088999644001424
7,18,-0.0006922194533444089
7,19,0.005893754202760967
7,20,-0.00088999644001424
7,21,-0.0005933309600094933
7,22,-9.888849333491555e-05
7,23,-0.00029666548000474666
7,24,-0.0005933309600094933
7,25,-0.00029666548000474666
7,26,-0.00029666548000474666
7,27,0.0057948657094260515
7,28,-0.0004944424666745778
7,29,-0.00088999644001424
7,30,0.0057948657094260515
7,31,-9.888849333491555e-05
7,32,-0.00029666548000474666
7,33,-0.0009888849333491555
7,34,-0.0004944424666745778
7,35,-9.888849333491555e-05
7,36,-0.0006922194533444089
7,37,-0.001087773426684071
7,38,-0.0007911079466793244
7,39,-0.0001977769866698311
7,40,0.005498200229421305
7,41,-0.0004944424666745778
7,42,-0.0005933309600094933
7,43,-0.0006922194533444089
7,44,-0.0003955539733396622
7,45,-0.001087773426684071
7,46,-0.0001977769866698311
7,47,-0.0005933309600094933
7,48,-9.888849333491555e-05
7,49,-0.0001977769866698311
7,50,-0.0006922194533444089
7,51,-0.0009888849333491555
7,52,-0.0003955539733396622
7,53,-0.0001977769866698311
7,54,0.00559708872275622
7,55,-0.0001977769866698311
7,56,-0.0001977769866698311
7,57,-0.00088999644001424
7,58,-9.888849333491555e-05
7,59,-0.0004944424666745778
7,60,-9.888849333491555e-05
7,61,-0.00029666548000474666
8,9,-0.0008306633440132907
8,10,-0.0005933309600094933
8,11,-0.00011866619200189867
8,12,-0.00011866619200189867
8,13,-0.0009493295360151893
8,14,-0.001423994304022784
8,15,-0.0008306633440132907
8,16,-0.000711997152011392
8,17,-0.001067995728017088
8,18,-0.0008306633440132907
8,19,-0.00047466476800759466
8,20,0.005221312448083541
8,21,-0.000711997152011392
8,22,-0.00011866619200189867
8,23,-0.000355998576005696
8,24,-0.000711997152011392
8,25,-0.000355998576005696
8,26,-0.000355998576005696
8,27,-0.0005933309600094933
8,28,0.005695977216091136
8,29,-0.001067995728017088
8,30,-0.0005933309600094933
8,31,-0.00011866619200189867
8,32,-0.000355998576005696
8,33,-0.0011866619200189867
8,34,-0.0005933309600094933
8,35,-0.00011866619200189867
8,36,-0.0008306633440132907
8,37,0.004983980064079744
8,38,-0.0009493295360151893
8,39,-0.00023733238400379733
8,40,-0.0009493295360151893
8,41,-0.0005933309600094933
8,42,-0.000711997152011392
8,43,-0.0008306633440132907
8,44,-0.00047466476800759466
8,45,0.004983980064079744
8,46,-0.00023733238400379733
8,47,-0.000711997152011392
8,48,-0.00011866619200189867
8,49,-0.00023733238400379733
8,50,-0.0008306633440132907
8,51,-0.0011866619200189867
8,52,-0.00047466476800759466
8,53,-0.00023733238400379733
8,54,-0.0008306633440132907
8,55,-0.00023733238400379733
8,56,-0.00023733238400379733
8,57,-0.001067995728017088
8,58,-0.00011866619200189867
8,59,0.005695977216091136
8,60,-0.00011866619200189867
8,61,-0.000355998576005696
9,10,-0.0006922194533444089
9,11,-0.00013844389066888178
9,12,-0.00013844389066888178
9,13,0.005181757050749575
9,14,-0.0016613266880265813
9,15,-0.0009691072346821724
9,16,-0.0008306633440132907
9,17,0.005043313160080693
9,18,-0.0009691072346821724
9,19,-0.0005537755626755271
9,20,-0.001245995016019936
9,21,-0.0008306633440132907
9,22,-0.00013844389066888178
9,23,-0.00041533167200664533
9,24,-0.0008306633440132907
9,25,-0.00041533167200664533
9,26,-0.00041533167200664533
9,27,-0.0006922194533444089
9,28,-0.0006922194533444089
9,29,-0.001245995016019936
9,30,-0.0006922194533444089
9,31,-0.00013844389066888178
9,32,0.005873976504093984
9,33,-0.0013844389066888178
9,34,-0.0006922194533444089
9,35,-0.00013844389066888178
9,36,-0.0009691072346821724
9,37,-0.0015228827973576995
9,38,-0.0011075511253510542
9,39,-0.00027688778133776355
9,40,-0.0011075511253510542
9,41,0.00559708872275622
9,42,-0.0008306633440132907
9,43,-0.0009691072346821724
9,44,-0.0005537755626755271
9,45,-0.0015228827973576995
9,46,-0.00027688778133776355
9,47,-0.0008306633440132907
9,48,-0.00013844389066888178
9,49,-0.00027688778133776355
9,50,-0.0009691072346821724
9,51,-0.0013844389066888178
9,52,-0.0005537755626755271
9,53,-0.00027688778133776355
9,54,-0.0009691072346821724
9,55,-0.00027688778133776355
9,56,-0.00027688778133776355
9,57,0.005043313160080693
9,58,-0.00013844389066888178
9,59,-0.0006922194533444089
9,60,-0.00013844389066888178
9,61,-0.00041533167200664533
10,11,-9.888849333491555e-05
10,12,-9.888849333491555e-05
10,13,-0.0007911079466793244
10,14,-0.0011866619200189867
10,15,-0.0006922194533444089
10,16,-0.0005933309600094933
10,17,-0.00088999644001424
10,18,-0.0006922194533444089
10,19,-0.0003955539733396622
10,20,-0.00088999644001424
10,21,-0.0005933309600094933
10,22,-9.888849333491555e-05
10,23,-0.00029666548000474666
10,24,-0.0005933309600094933
10,25,-0.00029666548000474666
10,26,-0.00029666548000474666
10,27,-0.0004944424666745778
10,28,-0.0004944424666745778
10,29,0.005399311736086389
10,30,-0.0004944424666745778
10,31,-9.888849333491555e-05
10,32,-0.00029666548000474666
10,33,-0.0009888849333491555
10,34,-0.0004944424666745778
10,35,-9.888849333491555e-05
10,36,-0.0006922194533444089
10,37,-0.001087773426684071
10,38,-0.0007911079466793244
10,39,-0.0001977769866698311
10,40,-0.0007911079466793244
10,41,-0.0004944424666745778
10,42,0.005695977216091136
10,43,-0.0006922194533444089
10,44,-0.0003955539733396622
10,45,-0.001087773426684071
10,46,-0.0001977769866698311
10,47,0.005695977216091136
10,48,-9.888849333491555e-05
10,49,-0.0001977769866698311
10,50,-0.0006922194533444089
10,51,-0.0009888849333491555
10,52,-0.0003955539733396622
10,53,-0.0001977769866698311
10,54,-0.0006922194533444089
10,55,-0.0001977769866698311
10,56,-0.0001977769866698311
10,57,-0.00088999644001424
10,58,-9.888849333491555e-05
10,59,-0.0004944424666745778
10,60,-9.888849333491555e-05
10,61,-0.00029666548000474666
11,12,-1.977769866698311e-05
11,13,-0.0001582215893358649
11,14,-0.00023733238400379733
11,15,-0.00013844389066888178
11,16,-0.00011866619200189867
11,17,-0.000177999288002848
11,18,-0.00013844389066888178
11,19,-7.911079466793244e-05
11,20,-0.000177999288002848
11,21,-0.00011866619200189867
11,22,-1.977769866698311e-05
11,23,-5.933309600094933e-05
11,24,-0.00011866619200189867
11,25,-5.933309600094933e-05
11,26,-5.933309600094933e-05
11,27,-9.888849333491555e-05
11,28,-9.888849333491555e-05
11,29,-0.000177999288002848
11,30,-9.888849333491555e-05
11,31,-1.977769866698311e-05
11,32,-5.933309600094933e-05
11,33,-0.0001977769866698311
11,34,-9.888849333491555e-05
11,35,-1.977769866698311e-05
11,36,-0.00013844389066888178
11,37,-0.00021755468533681422
11,38,-0.0001582215893358649
11,39,-3.955539733396622e-05
11,40,-0.0001582215893358649
11,41,-9.888849333491555e-05
11,42,-0.00011866619200189867
11,43,-0.00013844389066888178
11,44,-7.911079466793244e-05
11,45,-0.00021755468533681422
11,46,-3.955539733396622e-05
11,47,-0.00011866619200189867
11,48,-1.977769866698311e-05
11,49,-3.955539733396622e-05
11,50,-0.00013844389066888178
11,51,0.006091531189430798
11,52,-7.911079466793244e-05
11,53,-3.955539733396622e-05
11,54,-0.00013844389066888178
11,55,-3.955539733396622e-05
11,56,-3.955539733396622e-05
11,57,-0.000177999288002848
11,58,-1.977769866698311e-05
11,59,-9.888849333491555e-05
11,60,-1.977769866698311e-05
11,61,-5.933309600094933e-05
12,13,-0.0001582215893358649
12,14,-0.00023733238400379733
12,15,-0.00013844389066888178
12,16,-0.00011866619200189867
12,17,-0.000177999288002848
12,18,-0.00013844389066888178
12,19,-7.911079466793244e-05
12,20,-0.000177999288002848
12,21,-0.00011866619200189867
12,22,-1.977769866698311e-05
12,23,-5.933309600094933e-05
12,24,-0.00011866619200189867
12,25,-5.933309600094933e-05
12,26,-5.933309600094933e-05
12,27,-9.888849333491555e-05
12,28,-9.888849333491555e-05
12,29,-0.000177999288002848
12,30,-9.888849333491555e-05
12,31,-1.977769866698311e-05
12,32,-5.933309600094933e-05
12,33,0.006091531189430798
12,34,-9.888849333491555e-05
12,35,-1.977769866698311e-05
12,36,-0.00013844389066888178
12,37,-0.00021755468533681422
12,38,-0.0001582215893358649
12,39,-3.955539733396622e-05
12,40,-0.0001582215893358649
12,41,-9.888849333491555e-05
12,42,-0.00011866619200189867
12,43,-0.00013844389066888178
12,44,-7.911079466793244e-05
12,45,-0.00021755468533681422
12,46,-3.955539733396622e-05
12,47,-0.00011866619200189867
12,48,-1.977769866698311e-05
12,49,-3.955539733396622e-05
12,50,-0.00013844389066888178
12,51,-0.0001977769866698311
12,52,-7.911079466793244e-05
12,53,-3.955539733396622e-05
12,54,-0.00013844389066888178
12,55,-3.955539733396622e-05
12,56,-3.955539733396622e-05
12,57,-0.000177999288002848
12,58,-1.977769866698311e-05
12,59,-9.888849333491555e-05
12,60,-1.977769866698311e-05
12,61,-5.933309600094933e-05
13,14,-0.0018986590720303786
13,15,-0.0011075511253510542
13,16,-0.0009493295360151893
13,17,0.004865313872077845
13,18,-0.0011075511253510542
13,19,-0.0006328863573434595
13,20,-0.001423994304022784
13,21,-0.0009493295360151893
13,22,-0.0001582215893358649
13,23,-0.00047466476800759466
13,24,-0.0009493295360151893
13,25,-0.00047466476800759466
13,26,-0.00047466476800759466
13,27,-0.0007911079466793244
13,28,-0.0007911079466793244
13,29,-0.001423994304022784
13,30,-0.0007911079466793244
13,31,-0.0001582215893358649
13,32,0.005814643408093035
13,33,-0.0015822158933586489
13,34,-0.0007911079466793244
13,35,-0.0001582215893358649
13,36,-0.0011075511253510542
13,37,-0.0017404374826945138
13,38,-0.001265772714686919
13,39,-0.0003164431786717298
13,40,-0.001265772714686919
13,41,0.005498200229421305
13,42,-0.0009493295360151893
13,43,-0.0011075511253510542
13,44,-0.0006328863573434595
13,45,-0.0017404374826945138
13,46,-0.0003164431786717298
13,47,-0.0009493295360151893
13,48,-0.0001582215893358649
13,49,-0.0003164431786717298
13,50,-0.0011075511253510542
13,51,-0.0015822158933586489
13,52,-0.0006328863573434595
13,53,-0.0003164431786717298
13,54,0.005181757050749575
13,55,-0.0003164431786717298
13,56,-0.0003164431786717298
13,57,0.004865313872077845
13,58,-0.0001582215893358649
13,59,-0.0007911079466793244
13,60,-0.0001582215893358649
13,61,-0.00047466476800759466
14,15,-0.0016613266880265813
14,16,0.004865313872077845
14,17,-0.002135991456034176
14,18,-0.0016613266880265813
14,19,-0.0009493295360151893
14,20,-0.002135991456034176
14,21,-0.001423994304022784
14,22,-0.00023733238400379733
14,23,-0.000711997152011392
14,24,0.004865313872077845
14,25,-0.000711997152011392
14,26,-0.000711997152011392
14,27,-0.0011866619200189867
14,28,-0.0011866619200189867
14,29,-0.002135991456034176
14,30,-0.0011866619200189867
14,31,-0.00023733238400379733
14,32,-0.000711997152011392
14,33,0.003915984336062656
14,34,0.005102646256081643
14,35,-0.00023733238400379733
14,36,-0.0016613266880265813
14,37,0.0036786519520588586
14,38,0.004390649104070251
14,39,-0.00047466476800759466
14,40,0.004390649104070251
14,41,-0.0011866619200189867
14,42,-0.001423994304022784
14,43,0.004627981488074048
14,44,-0.0009493295360151893
14,45,-0.0026106562240417706
14,46,-0.00047466476800759466
14,47,-0.001423994304022784
14,48,-0.00023733238400379733
14,49,-0.00047466476800759466
14,50,0.004627981488074048
14,51,-0.0023733238400379733
14,52,0.00533997864008544
14,53,-0.00047466476800759466
14,54,-0.0016613266880265813
14,55,-0.00047466476800759466
14,56,-0.00047466476800759466
14,57,-0.002135991456034176
14,58,-0.00023733238400379733
14,59,-0.0011866619200189867
14,60,-0.00023733238400379733
14,61,-0.000711997152011392
15,16,-0.0008306633440132907
15,17,-0.001245995016019936
15,18,0.005320200941418457
15,19,-0.0005537755626755271
15,20,-0.001245995016019936
15,21,-0.0008306633440132907
15,22,-0.00013844389066888178
15,23,-0.00041533167200664533
15,24,0.005458644832087339
15,25,-0.00041533167200664533
15,26,-0.00041533167200664533
15,27,-0.0006922194533444089
15,28,-0.0006922194533444089
15,29,-0.001245995016019936
15,30,-0.0006922194533444089
15,31,-0.00013844389066888178
15,32,-0.00041533167200664533
15,33,-0.0013844389066888178
15,34,-0.0006922194533444089
15,35,-0.00013844389066888178
15,36,-0.0009691072346821724
15,37,-0.0015228827973576995
15,38,-0.0011075511253510542
15,39,-0.00027688778133776355
15,40,0.005181757050749575
15,41,-0.0006922194533444089
15,42,-0.0008306633440132907
15,43,-0.0009691072346821724
15,44,-0.0005537755626755271
15,45,0.00476642537874293
15,46,-0.00027688778133776355
15,47,-0.0008306633440132907
15,48,-0.00013844389066888178
15,49,-0.00027688778133776355
15,50,-0.0009691072346821724
15,51,-0.0013844389066888178
15,52,-0.0005537755626755271
15,53,-0.00027688778133776355
15,54,-0.0009691072346821724
15,55,0.006012420394762866
15,56,-0.00027688778133776355
15,57,-0.001245995016019936
15,58,-0.00013844389066888178
15,59,0.00559708872275622
15,60,-0.00013844389066888178
15,61,-0.00041533167200664533
16,17,-0.001067995728017088
16,18,-0.0008306633440132907
16,19,-0.00047466476800759466
16,20,0.005221312448083541
16,21,-0.000711997152011392
16,22,-0.00011866619200189867
16,23,-0.000355998576005696
16,24,-0.000711997152011392
16,25,-0.000355998576005696
16,26,-0.000355998576005696
16,27,-0.0005933309600094933
16,28,-0.0005933309600094933
16,29,-0.001067995728017088
16,30,-0.0005933309600094933
16,31,-0.00011866619200189867
16,32,-0.000355998576005696
16,33,0.005102646256081643
16,34,-0.0005933309600094933
16,35,-0.00011866619200189867
16,36,-0.0008306633440132907
16,37,0.004983980064079744
16,38,0.00533997864008544
16,39,-0.00023733238400379733
16,40,-0.0009493295360151893
16,41,-0.0005933309600094933
16,42,-0.000711997152011392
16,43,-0.0008306633440132907
16,44,-0.00047466476800759466
16,45,-0.0013053281120208853
16,46,-0.00023733238400379733
16,47,-0.000711997152011392
16,48,-0.00011866619200189867
16,49,-0.00023733238400379733
16,50,0.005458644832087339
16,51,-0.0011866619200189867
16,52,-0.00047466476800759466
16,53,-0.00023733238400379733
16,54,-0.0008306633440132907
16,55,-0.00023733238400379733
16,56,-0.00023733238400379733
16,57,-0.001067995728017088
16,58,-0.00011866619200189867
16,59,-0.0005933309600094933
16,60,-0.00011866619200189867
16,61,-0.000355998576005696
17,18,-0.001245995016019936
17,19,-0.000711997152011392
17,20,-0.001601993592025632
17,21,-0.001067995728017088
17,22,0.006111308888097781
17,23,-0.000533997864008544
17,24,-0.001067995728017088
17,25,0.005755310312092085
17,26,-0.000533997864008544
17,27,0.005399311736086389
17,28,-0.00088999644001424
17,29,-0.001601993592025632
17,30,-0.00088999644001424
17,31,0.006111308888097781
17,32,-0.000533997864008544
17,33,-0.00177999288002848
17,34,-0.00088999644001424
17,35,-0.000177999288002848
17,36,-0.001245995016019936
17,37,-0.001957992168031328
17,38,-0.001423994304022784
17,39,-0.000355998576005696
17,40,-0.001423994304022784
17,41,-0.00088999644001424
17,42,-0.001067995728017088
17,43,-0.001245995016019936
17,44,-0.000711997152011392
17,45,-0.001957992168031328
17,46,-0.000355998576005696
17,47,-0.001067995728017088
17,48,-0.000177999288002848
17,49,-0.000355998576005696
17,50,-0.001245995016019936
17,51,-0.00177999288002848
17,52,-0.000711997152011392
17,53,-0.000355998576005696
17,54,-0.001245995016019936
17,55,-0.000355998576005696
17,56,-0.000355998576005696
17,57,0.004687314584074997
17,58,-0.000177999288002848
17,59,-0.00088999644001424
17,60,-0.000177999288002848
17,61,-0.000533997864008544
18,19,-0.0005537755626755271
18,20,0.005043313160080693
18,21,0.005458644832087339
18,22,-0.00013844389066888178
18,23,-0.00041533167200664533
18,24,0.005458644832087339
18,25,-0.00041533167200664533
18,26,-0.00041533167200664533
18,27,-0.0006922194533444089
18,28,-0.0006922194533444089
18,29,0.005043313160080693
18,30,-0.0006922194533444089
18,31,-0.00013844389066888178
18,32,-0.00041533167200664533
18,33,-0.0013844389066888178
18,34,-0.0006922194533444089
18,35,-0.00013844389066888178
18,36,-0.0009691072346821724
18,37,-0.0015228827973576995
18,38,-0.0011075511253510542
18,39,-0.00027688778133776355
18,40,-0.0011075511253510542
18,41,-0.0006922194533444089
18,42,-0.0008306633440132907
18,43,-0.0009691072346821724
18,44,-0.0005537755626755271
18,45,0.00476642537874293
18,46,-0.00027688778133776355
18,47,-0.0008306633440132907
18,48,-0.00013844389066888178
18,49,-0.00027688778133776355
18,50,-0.0009691072346821724
18,51,0.0049048692694118115
18,52,-0.0005537755626755271
18,53,-0.00027688778133776355
18,54,-0.0009691072346821724
18,55,-0.00027688778133776355
18,56,-0.00027688778133776355
18,57,-0.001245995016019936
18,58,-0.00013844389066888178
18,59,-0.0006922194533444089
18,60,-0.00013844389066888178
18,61,-0.00041533167200664533
19,20,-0.000711997152011392
19,21,-0.00047466476800759466
19,22,-7.911079466793244e-05
19,23,-0.00023733238400379733
19,24,-0.00047466476800759466
19,25,-0.00023733238400379733
19,26,-0.00023733238400379733
19,27,-0.0003955539733396622
19,28,-0.0003955539733396622
19,29,-0.000711997152011392
19,30,0.005893754202760967
19,31,-7.911079466793244e-05
19,32,-0.00023733238400379733
19,33,-0.0007911079466793244
19,34,-0.0003955539733396622
19,35,-7.911079466793244e-05
19,36,-0.0005537755626755271
19,37,-0.0008702187413472569
19,38,-0.0006328863573434595
19,39,-0.0001582215893358649
19,40,-0.0006328863573434595
19,41,-0.0003955539733396622
19,42,-0.00047466476800759466
19,43,-0.0005537755626755271
19,44,-0.0003164431786717298
19,45,-0.0008702187413472569
19,46,-0.0001582215893358649
19,47,-0.00047466476800759466
19,48,-7.911079466793244e-05
19,49,-0.0001582215893358649
19,50,-0.0005537755626755271
19,51,-0.0007911079466793244
19,52,-0.0003164431786717298
19,53,-0.0001582215893358649
19,54,0.005735532613425102
19,55,-0.0001582215893358649
19,56,-0.0001582215893358649
19,57,-0.000711997152011392
19,58,-7.911079466793244e-05
19,59,-0.0003955539733396622
19,60,-7.911079466793244e-05
19,61,-0.00023733238400379733
20,21,-0.001067995728017088
20,22,-0.000177999288002848
20,23,-0.000533997864008544
20,24,-0.001067995728017088
20,25,-0.000533997864008544
20,26,-0.000533997864008544
20,27,-0.00088999644001424
20,28,0.005399311736086389
20,29,-0.001601993592025632
20,30,-0.00088999644001424
20,31,-0.000177999288002848
20,32,-0.000533997864008544
20,33,-0.00177999288002848
20,34,-0.00088999644001424
20,35,-0.000177999288002848
20,36,0.005043313160080693
20,37,-0.001957992168031328
20,38,0.004865313872077845
20,39,-0.000355998576005696
20,40,-0.001423994304022784
20,41,-0.00088999644001424
20,42,-0.001067995728017088
20,43,-0.001245995016019936
20,44,0.005577311024089237
20,45,-0.001957992168031328
20,46,-0.000355998576005696
20,47,0.005221312448083541
20,48,-0.000177999288002848
20,49,-0.000355998576005696
20,50,0.005043313160080693
20,51,-0.00177999288002848
20,52,-0.000711997152011392
20,53,-0.000355998576005696
20,54,-0.001245995016019936
20,55,-0.000355998576005696
20,56,-0.000355998576005696
20,57,-0.001601993592025632
20,58,-0.000177999288002848
20,59,-0.00088999644001424
20,60,-0.000177999288002848
20,61,-0.000533997864008544
21,22,-0.00011866619200189867
21,23,-0.000355998576005696
21,24,-0.000711997152011392
21,25,-0.000355998576005696
21,26,-0.000355998576005696
21,27,-0.0005933309600094933
21,28,-0.0005933309600094933
21,29,0.005221312448083541
21,30,-0.0005933309600094933
21,31,-0.00011866619200189867
21,32,-0.000355998576005696
21,33,0.005102646256081643
21,34,-0.0005933309600094933
21,35,-0.00011866619200189867
21,36,-0.0008306633440132907
21,37,0.004983980064079744
21,38,-0.0009493295360151893
21,39,-0.00023733238400379733
21,40,-0.0009493295360151893
21,41,-0.0005933309600094933
21,42,-0.000711997152011392
21,43,-0.0008306633440132907
21,44,-0.00047466476800759466
21,45,0.004983980064079744
21,46,-0.00023733238400379733
21,47,-0.000711997152011392
21,48,-0.00011866619200189867
21,49,-0.00023733238400379733
21,50,-0.0008306633440132907
21,51,0.005102646256081643
21,52,-0.00047466476800759466
21,53,-0.00023733238400379733
21,54,-0.0008306633440132907
21,55,-0.00023733238400379733
21,56,-0.00023733238400379733
21,57,-0.001067995728017088
21,58,-0.00011866619200189867
21,59,-0.0005933309600094933
21,60,-0.00011866619200189867
21,61,-0.000355998576005696
22,23,-5.933309600094933e-05
22,24,-0.00011866619200189867
22,25,-5.933309600094933e-05
22,26,-5.933309600094933e-05
22,27,-9.888849333491555e-05
22,28,-9.888849333491555e-05
22,29,-0.000177999288002848
22,30,-9.888849333491555e-05
22,31,-1.977769866698311e-05
22,32,-5.933309600094933e-05
22,33,-0.0001977769866698311
22,34,-9.888849333491555e-05
22,35,-1.977769866698311e-05
22,36,-0.00013844389066888178
22,37,-0.00021755468533681422
22,38,-0.0001582215893358649
22,39,-3.955539733396622e-05
22,40,-0.0001582215893358649
22,41,-9.888849333491555e-05
22,42,-0.00011866619200189867
22,43,-0.00013844389066888178
22,44,-7.911079466793244e-05
22,45,-0.00021755468533681422
22,46,-3.955539733396622e-05
22,47,-0.00011866619200189867
22,48,-1.977769866698311e-05
22,49,-3.955539733396622e-05
22,50,-0.00013844389066888178
22,51,-0.0001977769866698311
22,52,-7.911079466793244e-05
22,53,-3.955539733396622e-05
22,54,-0.00013844389066888178
22,55,-3.955539733396622e-05
22,56,-3.955539733396622e-05
22,57,-0.000177999288002848
22,58,-1.977769866698311e-05
22,59,-9.888849333491555e-05
22,60,-1.977769866698311e-05
22,61,-5.933309600094933e-05
23,24,-0.000355998576005696
23,25,-0.000177999288002848
23,26,-0.000177999288002848
23,27,-0.00029666548000474666
23,28,-0.00029666548000474666
23,29,-0.000533997864008544
23,30,-0.00029666548000474666
23,31,-5.933309600094933e-05
23,32,-0.000177999288002848
23,33,-0.0005933309600094933
23,34,-0.00029666548000474666
23,35,-5.933309600094933e-05
23,36,0.005873976504093984
23,37,-0.0006526640560104427
23,38,-0.00047466476800759466
23,39,-0.00011866619200189867
23,40,-0.00047466476800759466
23,41,-0.00029666548000474666
23,42,-0.000355998576005696
23,43,-0.00041533167200664533
23,44,-0.00023733238400379733
23,45,0.005636644120090187
23,46,-0.00011866619200189867
23,47,-0.000355998576005696
23,48,-5.933309600094933e-05
23,49,-0.00011866619200189867
23,50,-0.00041533167200664533
23,51,0.005695977216091136
23,52,-0.00023733238400379733
23,53,-0.00011866619200189867
23,54,-0.00041533167200664533
23,55,-0.00011866619200189867
23,56,-0.00011866619200189867
23,57,-0.000533997864008544
23,58,-5.933309600094933e-05
23,59,-0.00029666548000474666
23,60,-5.933309600094933e-05
23,61,-0.000177999288002848
24,25,-0.000355998576005696
24,26,-0.000355998576005696
24,27,-0.0005933309600094933
24,28,-0.0005933309600094933
24,29,0.005221312448083541
24,30,-0.0005933309600094933
24,31,-0.00011866619200189867
24,32,-0.000355998576005696
24,33,-0.0011866619200189867
24,34,-0.0005933309600094933
24,35,-0.00011866619200189867
24,36,-0.0008306633440132907
24,37,-0.0013053281120208853
24,38,-0.0009493295360151893
24,39,-0.00023733238400379733
24,40,-0.0009493295360151893
24,41,-0.0005933309600094933
24,42,-0.000711997152011392
24,43,-0.0008306633440132907
24,44,-0.00047466476800759466
24,45,0.004983980064079744
24,46,-0.00023733238400379733
24,47,-0.000711997152011392
24,48,-0.00011866619200189867
24,49,-0.00023733238400379733
24,50,-0.0008306633440132907
24,51,0.005102646256081643
24,52,-0.00047466476800759466
24,53,-0.00023733238400379733
24,54,-0.0008306633440132907
24,55,-0.00023733238400379733
24,56,-0.00023733238400379733
24,57,-0.001067995728017088
24,58,-0.00011866619200189867
24,59,-0.0005933309600094933
24,60,-0.00011866619200189867
24,61,-0.000355998576005696
25,26,0.006111308888097781
25,27,0.005992642696095883
25,28,-0.00029666548000474666
25,29,-0.000533997864008544
25,30,-0.00029666548000474666
25,31,-5.933309600094933e-05
25,32,-0.000177999288002848
25,33,-0.0005933309600094933
25,34,-0.00029666548000474666
25,35,-5.933309600094933e-05
25,36,-0.00041533167200664533
25,37,-0.0006526640560104427
25,38,-0.00047466476800759466
25,39,-0.00011866619200189867
25,40,-0.00047466476800759466
25,41,-0.00029666548000474666
25,42,-0.000355998576005696
25,43,-0.00041533167200664533
25,44,-0.00023733238400379733
25,45,-0.0006526640560104427
25,46,-0.00011866619200189867
25,47,-0.000355998576005696
25,48,-5.933309600094933e-05
25,49,-0.00011866619200189867
25,50,-0.00041533167200664533
25,51,-0.0005933309600094933
25,52,-0.00023733238400379733
25,53,-0.00011866619200189867
25,54,-0.00041533167200664533
25,55,-0.00011866619200189867
25,56,-0.00011866619200189867
25,57,-0.000533997864008544
25,58,-5.933309600094933e-05
25,59,-0.00029666548000474666
25,60,-5.933309600094933e-05
25,61,-0.000177999288002848
26,27,0.005992642696095883
26,28,-0.00029666548000474666
26,29,-0.000533997864008544
26,30,-0.00029666548000474666
26,31,-5.933309600094933e-05
26,32,-0.000177999288002848
26,33,-0.0005933309600094933
26,34,-0.00029666548000474666
26,35,-5.933309600094933e-05
26,36,-0.00041533167200664533
26,37,-0.0006526640560104427
26,38,-0.00047466476800759466
26,39,-0.00011866619200189867
26,40,-0.00047466476800759466
26,41,-0.00029666548000474666
26,42,-0.000355998576005696
26,43,-0.00041533167200664533
26,44,-0.00023733238400379733
26,45,-0.0006526640560104427
26,46,-0.00011866619200189867
26,47,-0.000355998576005696
26,48,-5.933309600094933e-05
26,49,-0.00011866619200189867
26,50,-0.00041533167200664533
26,51,-0.0005933309600094933
26,52,-0.00023733238400379733
26,53,-0.00011866619200189867
26,54,-0.00041533167200664533
26,55,-0.00011866619200189867
26,56,-0.00011866619200189867
26,57,-0.000533997864008544
26,58,-5.933309600094933e-05
26,59,-0.00029666548000474666
26,60,-5.933309600094933e-05
26,61,-0.000177999288002848
27,28,-0.0004944424666745778
27,29,-0.00088999644001424
27,30,-0.0004944424666745778
27,31,-9.888849333491555e-05
27,32,-0.00029666548000474666
27,33,-0.0009888849333491555
27,34,-0.0004944424666745778
27,35,-9.888849333491555e-05
27,36,-0.0006922194533444089
27,37,-0.001087773426684071
27,38,-0.0007911079466793244
27,39,-0.0001977769866698311
27,40,-0.0007911079466793244
27,41,-0.0004944424666745778
27,42,-0.0005933309600094933
27,43,-0.0006922194533444089
27,44,-0.0003955539733396622
27,45,-0.001087773426684071
27,46,-0.0001977769866698311
27,47,-0.0005933309600094933
27,48,-9.888849333491555e-05
27,49,-0.0001977769866698311
27,50,-0.0006922194533444089
27,51,-0.0009888849333491555
27,52,-0.0003955539733396622
27,53,-0.0001977769866698311
27,54,-0.0006922194533444089
27,55,-0.0001977769866698311
27,56,-0.0001977769866698311
27,57,-0.00088999644001424
27,58,-9.888849333491555e-05
27,59,-0.0004944424666745778
27,60,-9.888849333491555e-05
27,61,-0.00029666548000474666
28,29,-0.00088999644001424
28,30,0.0057948657094260515
28,31,-9.888849333491555e-05
28,32,-0.00029666548000474666
28,33,-0.0009888849333491555
28,34,-0.0004944424666745778
28,35,-9.888849333491555e-05
28,36,-0.0006922194533444089
28,37,-0.001087773426684071
28,38,-0.0007911079466793244
28,39,-0.0001977769866698311
28,40,-0.0007911079466793244
28,41,-0.0004944424666745778
28,42,-0.0005933309600094933
28,43,-0.0006922194533444089
28,44,-0.0003955539733396622
28,45,-0.001087773426684071
28,46,-0.0001977769866698311
28,47,0.005695977216091136
28,48,-9.888849333491555e-05
28,49,-0.0001977769866698311
28,50,-0.0006922194533444089
28,51,-0.0009888849333491555
28,52,-0.0003955539733396622
28,53,-0.0001977769866698311
28,54,-0.0006922194533444089
28,55,-0.0001977769866698311
28,56,-0.0001977769866698311
28,57,-0.00088999644001424
28,58,-9.888849333491555e-05
28,59,-0.0004944424666745778
28,60,-9.888849333491555e-05
28,61,-0.00029666548000474666
29,30,-0.00088999644001424
29,31,-0.000177999288002848
29,32,-0.000533997864008544
29,33,-0.00177999288002848
29,34,-0.00088999644001424
29,35,0.006111308888097781
29,36,-0.001245995016019936
29,37,-0.001957992168031328
29,38,-0.001423994304022784
29,39,-0.000355998576005696
29,40,-0.001423994304022784
29,41,-0.00088999644001424
29,42,-0.001067995728017088
29,43,0.005043313160080693
29,44,-0.000711997152011392
29,45,0.004331316008069301
29,46,-0.000355998576005696
29,47,-0.001067995728017088
29,48,-0.000177999288002848
29,49,-0.000355998576005696
29,50,-0.001245995016019936
29,51,0.004509315296072149
29,52,0.005577311024089237
29,53,-0.000355998576005696
29,54,-0.001245995016019936
29,55,-0.000355998576005696
29,56,-0.000355998576005696
29,57,-0.001601993592025632
29,58,-0.000177999288002848
29,59,-0.00088999644001424
29,60,-0.000177999288002848
29,61,-0.000533997864008544
30,31,-9.888849333491555e-05
30,32,-0.00029666548000474666
30,33,-0.0009888849333491555
30,34,-0.0004944424666745778
30,35,-9.888849333491555e-05
30,36,-0.0006922194533444089
30,37,-0.001087773426684071
30,38,-0.0007911079466793244
30,39,-0.0001977769866698311
30,40,-0.0007911079466793244
30,41,-0.0004944424666745778
30,42,0.005695977216091136
30,43,-0.0006922194533444089
30,44,-0.0003955539733396622
30,45,-0.001087773426684071
30,46,-0.0001977769866698311
30,47,0.005695977216091136
30,48,-9.888849333491555e-05
30,49,-0.0001977769866698311
30,50,-0.0006922194533444089
30,51,-0.0009888849333491555
30,52,-0.0003955539733396622
30,53,-0.0001977769866698311
30,54,-0.0006922194533444089
30,55,-0.0001977769866698311
30,56,-0.0001977769866698311
30,57,-0.00088999644001424
30,58,-9.888849333491555e-05
30,59,-0.0004944424666745778
30,60,-9.888849333491555e-05
30,61,-0.00029666548000474666
31,32,-5.933309600094933e-05
31,33,-0.0001977769866698311
31,34,-9.888849333491555e-05
31,35,-1.977769866698311e-05
31,36,-0.00013844389066888178
31,37,-0.00021755468533681422
31,38,-0.0001582215893358649
31,39,-3.955539733396622e-05
31,40,-0.0001582215893358649
31,41,-9.888849333491555e-05
31,42,-0.00011866619200189867
31,43,-0.00013844389066888178
31,44,-7.911079466793244e-05
31,45,-0.00021755468533681422
31,46,-3.955539733396622e-05
31,47,-0.00011866619200189867
31,48,-1.977769866698311e-05
31,49,-3.955539733396622e-05
31,50,-0.00013844389066888178
31,51,-0.0001977769866698311
31,52,-7.911079466793244e-05
31,53,-3.955539733396622e-05
31,54,-0.00013844389066888178
31,55,-3.955539733396622e-05
31,56,-3.955539733396622e-05
31,57,-0.000177999288002848
31,58,-1.977769866698311e-05
31,59,-9.888849333491555e-05
31,60,-1.977769866698311e-05
31,61,-5.933309600094933e-05
32,33,-0.0005933309600094933
32,34,-0.00029666548000474666
32,35,-5.933309600094933e-05
32,36,-0.00041533167200664533
32,37,-0.0006526640560104427
32,38,-0.00047466476800759466
32,39,-0.00011866619200189867
32,40,-0.00047466476800759466
32,41,-0.00029666548000474666
32,42,-0.000355998576005696
32,43,-0.00041533167200664533
32,44,-0.00023733238400379733
32,45,-0.0006526640560104427
32,46,-0.00011866619200189867
32,47,-0.000355998576005696
32,48,-5.933309600094933e-05
32,49,-0.00011866619200189867
32,50,-0.00041533167200664533
32,51,-0.0005933309600094933
32,52,-0.00023733238400379733
32,53,-0.00011866619200189867
32,54,-0.00041533167200664533
32,55,-0.00011866619200189867
32,56,-0.00011866619200189867
32,57,-0.000533997864008544
32,58,-5.933309600094933e-05
32,59,-0.00029666548000474666
32,60,0.00622997508009968
32,61,-0.000177999288002848
33,34,0.005300423242751474
33,35,-0.0001977769866698311
33,36,-0.0013844389066888178
33,37,0.004113761322732488
33,38,0.00470709228274198
33,39,-0.0003955539733396622
33,40,0.00470709228274198
33,41,-0.0009888849333491555
33,42,-0.0011866619200189867
33,43,0.0049048692694118115
33,44,-0.0007911079466793244
33,45,-0.002175546853368142
33,46,-0.0003955539733396622
33,47,-0.0011866619200189867
33,48,-0.0001977769866698311
33,49,-0.0003955539733396622
33,50,0.0049048692694118115
33,51,-0.001977769866698311
33,52,-0.0007911079466793244
33,53,-0.0003955539733396622
33,54,-0.0013844389066888178
33,55,-0.0003955539733396622
33,56,-0.0003955539733396622
33,57,-0.00177999288002848
33,58,-0.0001977769866698311
33,59,-0.0009888849333491555
33,60,-0.0001977769866698311
33,61,-0.0005933309600094933
34,35,-9.888849333491555e-05
34,36,-0.0006922194533444089
34,37,0.005201534749416558
34,38,-0.0007911079466793244
34,39,-0.0001977769866698311
34,40,-0.0007911079466793244
34,41,-0.0004944424666745778
34,42,-0.0005933309600094933
34,43,-0.0006922194533444089
34,44,0.005893754202760967
34,45,-0.001087773426684071
34,46,-0.0001977769866698311
34,47,-0.0005933309600094933
34,48,-9.888849333491555e-05
34,49,0.006091531189430798
34,50,-0.0006922194533444089
34,51,-0.0009888849333491555
34,52,-0.0003955539733396622
34,53,-0.0001977769866698311
34,54,-0.0006922194533444089
34,55,-0.0001977769866698311
34,56,-0.0001977769866698311
34,57,-0.00088999644001424
34,58,-9.888849333491555e-05
34,59,-0.0004944424666745778
34,60,-9.888849333491555e-05
34,61,-0.00029666548000474666
35,36,-0.00013844389066888178
35,37,-0.00021755468533681422
35,38,-0.0001582215893358649
35,39,-3.955539733396622e-05
35,40,-0.0001582215893358649
35,41,-9.888849333491555e-05
35,42,-0.00011866619200189867
35,43,-0.00013844389066888178
35,44,-7.911079466793244e-05
35,45,-0.00021755468533681422
35,46,-3.955539733396622e-05
35,47,-0.00011866619200189867
35,48,-1.977769866698311e-05
35,49,-3.955539733396622e-05
35,50,-0.00013844389066888178
35,51,-0.0001977769866698311
35,52,-7.911079466793244e-05
35,53,-3.955539733396622e-05
35,54,-0.00013844389066888178
35,55,-3.955539733396622e-05
35,56,-3.955539733396622e-05
35,57,-0.000177999288002848
35,58,-1.977769866698311e-05
35,59,-9.888849333491555e-05
35,60,-1.977769866698311e-05
35,61,-5.933309600094933e-05
36,37,0.00476642537874293
36,38,-0.0011075511253510542
36,39,0.006012420394762866
36,40,0.005181757050749575
36,41,-0.0006922194533444089
36,42,-0.0008306633440132907
36,43,-0.0009691072346821724
36,44,-0.0005537755626755271
36,45,-0.0015228827973576995
36,46,-0.00027688778133776355
36,47,-0.0008306633440132907
36,48,-0.00013844389066888178
36,49,-0.00027688778133776355
36,50,-0.0009691072346821724
36,51,-0.0013844389066888178
36,52,-0.0005537755626755271
36,53,-0.00027688778133776355
36,54,-0.0009691072346821724
36,55,-0.00027688778133776355
36,56,-0.00027688778133776355
36,57,-0.001245995016019936
36,58,-0.00013844389066888178
36,59,0.00559708872275622
36,60,-0.00013844389066888178
36,61,-0.00041533167200664533
37,38,-0.0017404374826945138
37,39,-0.00043510937067362844
37,40,0.0045488706934061155
37,41,-0.001087773426684071
37,42,-0.0013053281120208853
37,43,0.00476642537874293
37,44,-0.0008702187413472569
37,45,0.003896206637395673
37,46,-0.00043510937067362844
37,47,-0.0013053281120208853
37,48,-0.00021755468533681422
37,49,-0.00043510937067362844
37,50,-0.0015228827973576995
37,51,-0.002175546853368142
37,52,-0.0008702187413472569
37,53,-0.00043510937067362844
37,54,-0.0015228827973576995
37,55,-0.00043510937067362844
37,56,-0.00043510937067362844
37,57,-0.001957992168031328
37,58,-0.00021755468533681422
37,59,-0.001087773426684071
37,60,-0.00021755468533681422
37,61,0.005636644120090187
38,39,-0.0003164431786717298
38,40,-0.001265772714686919
38,41,-0.0007911079466793244
38,42,-0.0009493295360151893
38,43,0.005181757050749575
38,44,0.00565642181875717
38,45,-0.0017404374826945138
38,46,-0.0003164431786717298
38,47,-0.0009493295360151893
38,48,-0.0001582215893358649
38,49,-0.0003164431786717298
38,50,-0.0011075511253510542
38,51,-0.0015822158933586489
38,52,0.00565642181875717
38,53,-0.0003164431786717298
38,54,-0.0011075511253510542
38,55,-0.0003164431786717298
38,56,-0.0003164431786717298
38,57,-0.001423994304022784
38,58,0.006131086586764764
38,59,-0.0007911079466793244
38,60,-0.0001582215893358649
38,61,-0.00047466476800759466
39,40,-0.0003164431786717298
39,41,-0.0001977769866698311
39,42,-0.00023733238400379733
39,43,-0.00027688778133776355
39,44,-0.0001582215893358649
39,45,-0.00043510937067362844
39,46,-7.911079466793244e-05
39,47,-0.00023733238400379733
39,48,-3.955539733396622e-05
39,49,-7.911079466793244e-05
39,50,-0.00027688778133776355
39,51,-0.0003955539733396622
39,52,-0.0001582215893358649
39,53,-7.911079466793244e-05
39,54,-0.00027688778133776355
39,55,-7.911079466793244e-05
39,56,-7.911079466793244e-05
39,57,0.005933309600094933
39,58,-3.955539733396622e-05
39,59,-0.0001977769866698311
39,60,-3.955539733396622e-05
39,61,-0.00011866619200189867
40,41,-0.0007911079466793244
40,42,-0.0009493295360151893
40,43,-0.0011075511253510542
40,44,-0.0006328863573434595
40,45,-0.0017404374826945138
40,46,-0.0003164431786717298
40,47,-0.0009493295360151893
40,48,-0.0001582215893358649
40,49,-0.0003164431786717298
40,50,-0.0011075511253510542
40,51,-0.0015822158933586489
40,52,0.00565642181875717
40,53,-0.0003164431786717298
40,54,-0.0011075511253510542
40,55,-0.0003164431786717298
40,56,-0.0003164431786717298
40,57,-0.001423994304022784
40,58,-0.0001582215893358649
40,59,-0.0007911079466793244
40,60,-0.0001582215893358649
40,61,-0.00047466476800759466
41,42,-0.0005933309600094933
41,43,-0.0006922194533444089
41,44,-0.0003955539733396622
41,45,-0.001087773426684071
41,46,-0.0001977769866698311
41,47,-0.0005933309600094933
41,48,-9.888849333491555e-05
41,49,-0.0001977769866698311
41,50,-0.0006922194533444089
41,51,-0.0009888849333491555
41,52,-0.0003955539733396622
41,53,-0.0001977769866698311
41,54,0.00559708872275622
41,55,-0.0001977769866698311
41,56,-0.0001977769866698311
41,57,0.005399311736086389
41,58,-9.888849333491555e-05
41,59,-0.0004944424666745778
41,60,-9.888849333491555e-05
41,61,-0.00029666548000474666
42,43,-0.0008306633440132907
42,44,-0.00047466476800759466
42,45,-0.0013053281120208853
42,46,-0.00023733238400379733
42,47,0.005577311024089237
42,48,-0.00011866619200189867
42,49,-0.00023733238400379733
42,50,0.005458644832087339
42,51,-0.0011866619200189867
42,52,-0.00047466476800759466
42,53,-0.00023733238400379733
42,54,-0.0008306633440132907
42,55,-0.00023733238400379733
42,56,-0.00023733238400379733
42,57,-0.001067995728017088
42,58,-0.00011866619200189867
42,59,-0.0005933309600094933
42,60,-0.00011866619200189867
42,61,-0.000355998576005696
43,44,-0.0005537755626755271
43,45,-0.0015228827973576995
43,46,0.006012420394762866
43,47,-0.0008306633440132907
43,48,-0.00013844389066888178
43,49,-0.00027688778133776355
43,50,-0.0009691072346821724
43,51,-0.0013844389066888178
43,52,-0.0005537755626755271
43,53,0.006012420394762866
43,54,-0.0009691072346821724
43,55,-0.00027688778133776355
43,56,-0.00027688778133776355
43,57,-0.001245995016019936
43,58,-0.00013844389066888178
43,59,-0.0006922194533444089
43,60,-0.00013844389066888178
43,61,-0.00041533167200664533
44,45,-0.0008702187413472569
44,46,-0.0001582215893358649
44,47,-0.00047466476800759466
44,48,-7.911079466793244e-05
44,49,-0.0001582215893358649
44,50,-0.0005537755626755271
44,51,-0.0007911079466793244
44,52,-0.0003164431786717298
44,53,-0.0001582215893358649
44,54,-0.0005537755626755271
44,55,-0.0001582215893358649
44,56,-0.0001582215893358649
44,57,-0.000711997152011392
44,58,-7.911079466793244e-05
44,59,-0.0003955539733396622
44,60,-7.911079466793244e-05
44,61,-0.00023733238400379733
45,46,-0.00043510937067362844
45,47,-0.0013053281120208853
45,48,-0.00021755468533681422
45,49,-0.00043510937067362844
45,50,0.00476642537874293
45,51,0.004113761322732488
45,52,-0.0008702187413472569
45,53,-0.00043510937067362844
45,54,-0.0015228827973576995
45,55,-0.00043510937067362844
45,56,-0.00043510937067362844
45,57,-0.001957992168031328
45,58,-0.00021755468533681422
45,59,0.005201534749416558
45,60,-0.00021755468533681422
45,61,-0.0006526640560104427
46,47,-0.00023733238400379733
46,48,-3.955539733396622e-05
46,49,0.006210197381432697
46,50,-0.00027688778133776355
46,51,-0.0003955539733396622
46,52,-0.0001582215893358649
46,53,-7.911079466793244e-05
46,54,-0.00027688778133776355
46,55,-7.911079466793244e-05
46,56,-7.911079466793244e-05
46,57,-0.000355998576005696
46,58,-3.955539733396622e-05
46,59,-0.0001977769866698311
46,60,-3.955539733396622e-05
46,61,-0.00011866619200189867
47,48,-0.00011866619200189867
47,49,-0.00023733238400379733
47,50,-0.0008306633440132907
47,51,-0.0011866619200189867
47,52,-0.00047466476800759466
47,53,-0.00023733238400379733
47,54,-0.0008306633440132907
47,55,-0.00023733238400379733
47,56,-0.00023733238400379733
47,57,-0.001067995728017088
47,58,-0.00011866619200189867
47,59,-0.0005933309600094933
47,60,-0.00011866619200189867
47,61,-0.000355998576005696
48,49,-3.955539733396622e-05
48,50,-0.00013844389066888178
48,51,-0.0001977769866698311
48,52,-7.911079466793244e-05
48,53,-3.955539733396622e-05
48,54,-0.00013844389066888178
48,55,-3.955539733396622e-05
48,56,-3.955539733396622e-05
48,57,0.006111308888097781
48,58,-1.977769866698311e-05
48,59,-9.888849333491555e-05
48,60,-1.977769866698311e-05
48,61,-5.933309600094933e-05
49,50,-0.00027688778133776355
49,51,-0.0003955539733396622
49,52,-0.0001582215893358649
49,53,-7.911079466793244e-05
49,54,-0.00027688778133776355
49,55,-7.911079466793244e-05
49,56,-7.911079466793244e-05
49,57,-0.000355998576005696
49,58,-3.955539733396622e-05
49,59,-0.0001977769866698311
49,60,-3.955539733396622e-05
49,61,-0.00011866619200189867
50,51,0.0049048692694118115
50,52,-0.0005537755626755271
50,53,-0.00027688778133776355
50,54,-0.0009691072346821724
50,55,-0.00027688778133776355
50,56,-0.00027688778133776355
50,57,-0.001245995016019936
50,58,-0.00013844389066888178
50,59,-0.0006922194533444089
50,60,-0.00013844389066888178
50,61,-0.00041533167200664533
51,52,-0.0007911079466793244
51,53,-0.0003955539733396622
51,54,-0.0013844389066888178
51,55,0.005893754202760967
51,56,-0.0003955539733396622
51,57,-0.00177999288002848
51,58,-0.0001977769866698311
51,59,-0.0009888849333491555
51,60,-0.0001977769866698311
51,61,-0.0005933309600094933
52,53,-0.0001582215893358649
52,54,-0.0005537755626755271
52,55,-0.0001582215893358649
52,56,-0.0001582215893358649
52,57,-0.000711997152011392
52,58,-7.911079466793244e-05
52,59,-0.0003955539733396622
52,60,-7.911079466793244e-05
52,61,-0.00023733238400379733
53,54,-0.00027688778133776355
53,55,-7.911079466793244e-05
53,56,-7.911079466793244e-05
53,57,-0.000355998576005696
53,58,-3.955539733396622e-05
53,59,-0.0001977769866698311
53,60,-3.955539733396622e-05
53,61,0.006170641984098731
54,55,-0.00027688778133776355
54,56,-0.00027688778133776355
54,57,0.005043313160080693
54,58,-0.00013844389066888178
54,59,-0.0006922194533444089
54,60,-0.00013844389066888178
54,61,-0.00041533167200664533
55,56,-7.911079466793244e-05
55,57,-0.000355998576005696
55,58,-3.955539733396622e-05
55,59,-0.0001977769866698311
55,60,-3.955539733396622e-05
55,61,-0.00011866619200189867
56,57,-0.000355998576005696
56,58,-3.955539733396622e-05
56,59,-0.0001977769866698311
56,60,-3.955539733396622e-05
56,61,-0.00011866619200189867
57,58,-0.000177999288002848
57,59,-0.00088999644001424
57,60,-0.000177999288002848
57,61,-0.000533997864008544
58,59,-9.888849333491555e-05
58,60,-1.977769866698311e-05
58,61,-5.933309600094933e-05
59,60,-9.888849333491555e-05
59,61,-0.00029666548000474666
60,61,-5.933309600094933e-05
