0,1,0.003859507719015439
0,2,0.003704507409014818
0,3,0.003704507409014818
0,4,0.003859507719015438
0,5,0.003859507719015438
0,6,0.003859507719015438
0,7,0.003859507719015438
0,8,0.003859507719015438
0,9,0.003859507719015438
0,10,-7.750015500031e-05
0,11,0.001147002294004588
0,12,-0.00015500031000062
0,13,-7.750015500031e-05
0,14,-7.750015500031e-05
0,15,-7.750015500031e-05
0,16,-0.0006975013950027899
0,17,-0.00054250108500217
0,18,-0.00054250108500217
0,19,-0.00054250108500217
0,20,-0.00054250108500217
0,21,-0.00054250108500217
0,22,-0.00054250108500217
0,23,-0.0011625023250046499
0,24,-0.00085250170500341
0,25,-0.00124000248000496
0,26,-0.00085250170500341
0,27,-0.00131750263500527
0,28,-0.00031000062000124
0,29,-0.00062000124000248
0,30,-0.00015500031000062
0,31,-0.00031000062000124
0,32,-7.750015500031e-05
0,33,-0.00015500031000062
0,34,-0.00046500093000186
0,35,-0.00046500093000186
0,36,-0.00046500093000186
0,37,-0.00046500093000186
0,38,-0.00046500093000186
0,39,-0.00023250046500093
0,40,-7.750015500031e-05
0,41,-0.00085250170500341
0,42,-0.00023250046500093
0,43,-0.00023250046500093
0,44,-0.00015500031000062
0,45,-7.750015500031e-05
0,46,-7.750015500031e-05
0,47,-0.00015500031000062
0,48,-0.00170500341000682
0,49,-0.00054250108500217
0,50,-0.00015500031000062
0,51,-0.00054250108500217
0,52,-0.00015500031000062
0,53,-7.750015500031e-05
0,54,-0.00031000062000124
0,55,-0.00147250294500589
0,56,-0.00015500031000062
0,57,-0.00085250170500341
0,58,-0.0011625023250046499
0,59,-0.00085250170500341
0,60,-0.0006975013950027899
0,61,-0.00085250170500341
0,62,-0.0010075020150040299
0,63,-0.00093000186000372
0,64,-0.0010075020150040299
0,65,-0.00093000186000372
0,66,-0.0007750015500031
0,67,-7.750015500031e-05
0,68,-0.0007750015500031
0,69,-0.0007750015500031
0,70,-0.0007750015500031
0,71,-0.0006975013950027899
0,72,-0.00023250046500093
0,73,-0.00015500031000062
0,74,-0.00015500031000062
0,75,-0.00054250108500217
0,76,-0.00054250108500217
1,2,-2.3250046500093e-05
1,3,-2.3250046500093e-05
1,4,-7.750015500030999e-06
1,5,-7.750015500030999e-06
1,6,-7.750015500030999e-06
1,7,-7.750015500030999e-06
1,8,-7.750015500030999e-06
1,9,-7.750015500030999e-06
1,10,-7.750015500030999e-06
1,11,-0.00027900055800111597
1,12,-1.5500031000061998e-05
1,13,-7.750015500030999e-06
1,14,-7.750015500030999e-06
1,15,-7.750015500030999e-06
1,16,-6.975013950027899e-05
1,17,-5.4250108500217e-05
1,18,-5.4250108500217e-05
1,19,-5.4250108500217e-05
1,20,-5.4250108500217e-05
1,21,-5.4250108500217e-05
1,22,-5.4250108500217e-05
1,23,-0.000116250232500465
1,24,-8.5250170500341e-05
1,25,-0.00012400024800049599
1,26,-8.5250170500341e-05
1,27,-0.000131750263500527
1,28,-3.1000062000123996e-05
1,29,-6.200012400024799e-05
1,30,-1.5500031000061998e-05
1,31,-3.1000062000123996e-05
1,32,-7.750015500030999e-06
1,33,-1.5500031000061998e-05
1,34,-4.6500093000186e-05
1,35,-4.6500093000186e-05
1,36,-4.6500093000186e-05
1,37,-4.6500093000186e-05
1,38,-4.6500093000186e-05
1,39,-2.3250046500093e-05
1,40,-7.750015500030999e-06
1,41,-8.5250170500341e-05
1,42,-2.3250046500093e-05
1,43,-2.3250046500093e-05
1,44,-1.5500031000061998e-05
1,45,-7.750015500030999e-06
1,46,-7.750015500030999e-06
1,47,-1.5500031000061998e-05
1,48,-0.000170500341000682
1,49,-5.4250108500217e-05
1,50,-1.5500031000061998e-05
1,51,-5.4250108500217e-05
1,52,-1.5500031000061998e-05
1,53,-7.750015500030999e-06
1,54,-3.1000062000123996e-05
1,55,-0.000147250294500589
1,56,-1.5500031000061998e-05
1,57,-8.5250170500341e-05
1,58,-0.000116250232500465
1,59,-8.5250170500341e-05
1,60,-6.975013950027899e-05
1,61,-8.5250170500341e-05
1,62,-0.000100750201500403
1,63,-9.3000186000372e-05
1,64,-0.000100750201500403
1,65,-9.3000186000372e-05
1,66,-7.750015500031e-05
1,67,-7.750015500030999e-06
1,68,-7.750015500031e-05
1,69,-7.750015500031e-05
1,70,-7.750015500031e-05
1,71,-6.975013950027899e-05
1,72,-2.3250046500093e-05
1,73,-1.5500031000061998e-05
1,74,-1.5500031000061998e-05
1,75,-5.4250108500217e-05
1,76,-5.4250108500217e-05
2,3,0.003867257734515469
2,4,-2.3250046500093e-05
2,5,-2.3250046500093e-05
2,6,-2.3250046500093e-05
2,7,-2.3250046500093e-05
2,8,-2.3250046500093e-05
2,9,-2.3250046500093e-05
2,10,-2.3250046500093e-05
2,11,0.0031000062000123996
2,12,-4.6500093000186e-05
2,13,-2.3250046500093e-05
2,14,-2.3250046500093e-05
2,15,-2.3250046500093e-05
2,16,-0.000209250418500837
2,17,-0.000162750325500651
2,18,-0.000162750325500651
2,19,-0.000162750325500651
2,20,-0.000162750325500651
2,21,-0.000162750325500651
2,22,-0.000162750325500651
2,23,-0.00034875069750139496
2,24,-0.00025575051150102297
2,25,-0.000372000744001488
2,26,-0.00025575051150102297
2,27,-0.000395250790501581
2,28,-9.3000186000372e-05
2,29,-0.000186000372000744
2,30,-4.6500093000186e-05
2,31,-9.3000186000372e-05
2,32,-2.3250046500093e-05
2,33,-4.6500093000186e-05
2,34,-0.00013950027900055798
2,35,-0.00013950027900055798
2,36,-0.00013950027900055798
2,37,-0.00013950027900055798
2,38,-0.00013950027900055798
2,39,-6.975013950027899e-05
2,40,-2.3250046500093e-05
2,41,-0.00025575051150102297
2,42,-6.975013950027899e-05
2,43,-6.975013950027899e-05
2,44,-4.6500093000186e-05
2,45,-2.3250046500093e-05
2,46,-2.3250046500093e-05
2,47,-4.6500093000186e-05
2,48,-0.0005115010230020459
2,49,-0.000162750325500651
2,50,-4.6500093000186e-05
2,51,-0.000162750325500651
2,52,-4.6500093000186e-05
2,53,-2.3250046500093e-05
2,54,-9.3000186000372e-05
2,55,-0.000441750883501767
2,56,-4.6500093000186e-05
2,57,-0.00025575051150102297
2,58,-0.00034875069750139496
2,59,-0.00025575051150102297
2,60,-0.000209250418500837
2,61,-0.00025575051150102297
2,62,-0.000302250604501209
2,63,-0.00027900055800111597
2,64,-0.000302250604501209
2,65,-0.00027900055800111597
2,66,-0.00023250046500093
2,67,-2.3250046500093e-05
2,68,-0.00023250046500093
2,69,-0.00023250046500093
2,70,-0.00023250046500093
2,71,-0.000209250418500837
2,72,-6.975013950027899e-05
2,73,-4.6500093000186e-05
2,74,-4.6500093000186e-05
2,75,-0.000162750325500651
2,76,-0.000162750325500651
3,4,-2.3250046500093e-05
3,5,-2.3250046500093e-05
3,6,-2.3250046500093e-05
3,7,-2.3250046500093e-05
3,8,-2.3250046500093e-05
3,9,-2.3250046500093e-05
3,10,-2.3250046500093e-05
3,11,0.0031000062000123996
3,12,-4.6500093000186e-05
3,13,-2.3250046500093e-05
3,14,-2.3250046500093e-05
3,15,-2.3250046500093e-05
3,16,-0.000209250418500837
3,17,-0.000162750325500651
3,18,-0.000162750325500651
3,19,-0.000162750325500651
3,20,-0.000162750325500651
3,21,-0.000162750325500651
3,22,-0.000162750325500651
3,23,-0.00034875069750139496
3,24,-0.00025575051150102297
3,25,-0.000372000744001488
3,26,-0.00025575051150102297
3,27,-0.000395250790501581
3,28,-9.3000186000372e-05
3,29,-0.000186000372000744
3,30,-4.6500093000186e-05
3,31,-9.3000186000372e-05
3,32,-2.3250046500093e-05
3,33,-4.6500093000186e-05
3,34,-0.00013950027900055798
3,35,-0.00013950027900055798
3,36,-0.00013950027900055798
3,37,-0.00013950027900055798
3,38,-0.00013950027900055798
3,39,-6.975013950027899e-05
3,40,-2.3250046500093e-05
3,41,-0.00025575051150102297
3,42,-6.975013950027899e-05
3,43,-6.975013950027899e-05
3,44,-4.6500093000186e-05
3,45,-2.3250046500093e-05
3,46,-2.3250046500093e-05
3,47,-4.6500093000186e-05
3,48,-0.0005115010230020459
3,49,-0.000162750325500651
3,50,-4.6500093000186e-05
3,51,-0.000162750325500651
3,52,-4.6500093000186e-05
3,53,-2.3250046500093e-05
3,54,-9.3000186000372e-05
3,55,-0.000441750883501767
3,56,-4.6500093000186e-05
3,57,-0.00025575051150102297
3,58,-0.00034875069750139496
3,59,-0.00025575051150102297
3,60,-0.000209250418500837
3,61,-0.00025575051150102297
3,62,-0.000302250604501209
3,63,-0.00027900055800111597
3,64,-0.000302250604501209
3,65,-0.00027900055800111597
3,66,-0.00023250046500093
3,67,-2.3250046500093e-05
3,68,-0.00023250046500093
3,69,-0.00023250046500093
3,70,-0.00023250046500093
3,71,-0.000209250418500837
3,72,-6.975013950027899e-05
3,73,-4.6500093000186e-05
3,74,-4.6500093000186e-05
3,75,-0.000162750325500651
3,76,-0.000162750325500651
4,5,-7.750015500030999e-06
4,6,-7.750015500030999e-06
4,7,-7.750015500030999e-06
4,8,-7.750015500030999e-06
4,9,-7.750015500030999e-06
4,10,-7.750015500030999e-06
4,11,-0.00027900055800111597
4,12,-1.5500031000061998e-05
4,13,-7.750015500030999e-06
4,14,-7.750015500030999e-06
4,15,-7.750015500030999e-06
4,16,-6.975013950027899e-05
4,17,-5.4250108500217e-05
4,18,-5.4250108500217e-05
4,19,-5.4250108500217e-05
4,20,-5.4250108500217e-05
4,21,-5.4250108500217e-05
4,22,-5.4250108500217e-05
4,23,-0.000116250232500465
4,24,-8.5250170500341e-05
4,25,-0.00012400024800049599
4,26,-8.5250170500341e-05
4,27,-0.000131750263500527
4,28,-3.1000062000123996e-05
4,29,-6.200012400024799e-05
4,30,-1.5500031000061998e-05
4,31,-3.1000062000123996e-05
4,32,-7.750015500030999e-06
4,33,-1.5500031000061998e-05
4,34,-4.6500093000186e-05
4,35,-4.6500093000186e-05
4,36,-4.6500093000186e-05
4,37,-4.6500093000186e-05
4,38,-4.6500093000186e-05
4,39,-2.3250046500093e-05
4,40,-7.750015500030999e-06
4,41,-8.5250170500341e-05
4,42,-2.3250046500093e-05
4,43,-2.3250046500093e-05
4,44,-1.5500031000061998e-05
4,45,-7.750015500030999e-06
4,46,-7.750015500030999e-06
4,47,-1.5500031000061998e-05
4,48,-0.000170500341000682
4,49,-5.4250108500217e-05
4,50,-1.5500031000061998e-05
4,51,-5.4250108500217e-05
4,52,-1.5500031000061998e-05
4,53,-7.750015500030999e-06
4,54,-3.1000062000123996e-05
4,55,-0.000147250294500589
4,56,-1.5500031000061998e-05
4,57,-8.5250170500341e-05
4,58,-0.000116250232500465
4,59,-8.5250170500341e-05
4,60,-6.975013950027899e-05
4,61,-8.5250170500341e-05
4,62,-0.000100750201500403
4,63,-9.3000186000372e-05
4,64,-0.000100750201500403
4,65,-9.3000186000372e-05
4,66,-7.750015500031e-05
4,67,-7.750015500030999e-06
4,68,-7.750015500031e-05
4,69,-7.750015500031e-05
4,70,-7.750015500031e-05
4,71,-6.975013950027899e-05
4,72,-2.3250046500093e-05
4,73,-1.5500031000061998e-05
4,74,-1.5500031000061998e-05
4,75,-5.4250108500217e-05
4,76,-5.4250108500217e-05
5,6,-7.750015500030999e-06
5,7,-7.750015500030999e-06
5,8,-7.750015500030999e-06
5,9,-7.750015500030999e-06
5,10,-7.750015500030999e-06
5,11,-0.00027900055800111597
5,12,-1.5500031000061998e-05
5,13,-7.750015500030999e-06
5,14,-7.750015500030999e-06
5,15,-7.750015500030999e-06
5,16,-6.975013950027899e-05
5,17,-5.4250108500217e-05
5,18,-5.4250108500217e-05
5,19,-5.4250108500217e-05
5,20,-5.4250108500217e-05
5,21,-5.4250108500217e-05
5,22,-5.4250108500217e-05
5,23,-0.000116250232500465
5,24,-8.5250170500341e-05
5,25,-0.00012400024800049599
5,26,-8.5250170500341e-05
5,27,-0.000131750263500527
5,28,-3.1000062000123996e-05
5,29,-6.200012400024799e-05
5,30,-1.5500031000061998e-05
5,31,-3.1000062000123996e-05
5,32,-7.750015500030999e-06
5,33,-1.5500031000061998e-05
5,34,-4.6500093000186e-05
5,35,-4.6500093000186e-05
5,36,-4.6500093000186e-05
5,37,-4.6500093000186e-05
5,38,-4.6500093000186e-05
5,39,-2.3250046500093e-05
5,40,-7.750015500030999e-06
5,41,-8.5250170500341e-05
5,42,-2.3250046500093e-05
5,43,-2.3250046500093e-05
5,44,-1.5500031000061998e-05
5,45,-7.750015500030999e-06
5,46,-7.750015500030999e-06
5,47,-1.5500031000061998e-05
5,48,-0.000170500341000682
5,49,-5.4250108500217e-05
5,50,-1.5500031000061998e-05
5,51,-5.4250108500217e-05
5,52,-1.5500031000061998e-05
5,53,-7.750015500030999e-06
5,54,-3.1000062000123996e-05
5,55,-0.000147250294500589
5,56,-1.5500031000061998e-05
5,57,-8.5250170500341e-05
5,58,-0.000116250232500465
5,59,-8.5250170500341e-05
5,60,-6.975013950027899e-05
5,61,-8.5250170500341e-05
5,62,-0.000100750201500403
5,63,-9.3000186000372e-05
5,64,-0.000100750201500403
5,65,-9.3000186000372e-05
5,66,-7.750015500031e-05
5,67,-7.750015500030999e-06
5,68,-7.750015500031e-05
5,69,-7.750015500031e-05
5,70,-7.750015500031e-05
5,71,-6.975013950027899e-05
5,72,-2.3250046500093e-05
5,73,-1.5500031000061998e-05
5,74,-1.5500031000061998e-05
5,75,-5.4250108500217e-05
5,76,-5.4250108500217e-05
6,7,-7.750015500030999e-06
6,8,-7.750015500030999e-06
6,9,-7.750015500030999e-06
6,10,-7.750015500030999e-06
6,11,-0.00027900055800111597
6,12,-1.5500031000061998e-05
6,13,-7.750015500030999e-06
6,14,-7.750015500030999e-06
6,15,-7.750015500030999e-06
6,16,-6.975013950027899e-05
6,17,-5.4250108500217e-05
6,18,-5.4250108500217e-05
6,19,-5.4250108500217e-05
6,20,-5.4250108500217e-05
6,21,-5.4250108500217e-05
6,22,-5.4250108500217e-05
6,23,-0.000116250232500465
6,24,-8.5250170500341e-05
6,25,-0.00012400024800049599
6,26,-8.5250170500341e-05
6,27,-0.000131750263500527
6,28,-3.1000062000123996e-05
6,29,-6.200012400024799e-05
6,30,-1.5500031000061998e-05
6,31,-3.1000062000123996e-05
6,32,-7.750015500030999e-06
6,33,-1.5500031000061998e-05
6,34,-4.6500093000186e-05
6,35,-4.6500093000186e-05
6,36,-4.6500093000186e-05
6,37,-4.6500093000186e-05
6,38,-4.6500093000186e-05
6,39,-2.3250046500093e-05
6,40,-7.750015500030999e-06
6,41,-8.5250170500341e-05
6,42,-2.3250046500093e-05
6,43,-2.3250046500093e-05
6,44,-1.5500031000061998e-05
6,45,-7.750015500030999e-06
6,46,-7.750015500030999e-06
6,47,-1.5500031000061998e-05
6,48,-0.000170500341000682
6,49,-5.4250108500217e-05
6,50,-1.5500031000061998e-05
6,51,-5.4250108500217e-05
6,52,-1.5500031000061998e-05
6,53,-7.750015500030999e-06
6,54,-3.1000062000123996e-05
6,55,-0.000147250294500589
6,56,-1.5500031000061998e-05
6,57,-8.5250170500341e-05
6,58,-0.000116250232500465
6,59,-8.5250170500341e-05
6,60,-6.975013950027899e-05
6,61,-8.5250170500341e-05
6,62,-0.000100750201500403
6,63,-9.3000186000372e-05
6,64,-0.000100750201500403
6,65,-9.3000186000372e-05
6,66,-7.750015500031e-05
6,67,-7.750015500030999e-06
6,68,-7.750015500031e-05
6,69,-7.750015500031e-05
6,70,-7.750015500031e-05
6,71,-6.975013950027899e-05
6,72,-2.3250046500093e-05
6,73,-1.5500031000061998e-05
6,74,-1.5500031000061998e-05
6,75,-5.4250108500217e-05
6,76,-5.4250108500217e-05
7,8,-7.750015500030999e-06
7,9,-7.750015500030999e-06
7,10,-7.750015500030999e-06
7,11,-0.00027900055800111597
7,12,-1.5500031000061998e-05
7,13,-7.750015500030999e-06
7,14,-7.750015500030999e-06
7,15,-7.750015500030999e-06
7,16,-6.975013950027899e-05
7,17,-5.4250108500217e-05
7,18,-5.4250108500217e-05
7,19,-5.4250108500217e-05
7,20,-5.4250108500217e-05
7,21,-5.4250108500217e-05
7,22,-5.4250108500217e-05
7,23,-0.000116250232500465
7,24,-8.5250170500341e-05
7,25,-0.00012400024800049599
7,26,-8.5250170500341e-05
7,27,-0.000131750263500527
7,28,-3.1000062000123996e-05
7,29,-6.200012400024799e-05
7,30,-1.5500031000061998e-05
7,31,-3.1000062000123996e-05
7,32,-7.750015500030999e-06
7,33,-1.5500031000061998e-05
7,34,-4.6500093000186e-05
7,35,-4.6500093000186e-05
7,36,-4.6500093000186e-05
7,37,-4.6500093000186e-05
7,38,-4.6500093000186e-05
7,39,-2.3250046500093e-05
7,40,-7.750015500030999e-06
7,41,-8.5250170500341e-05
7,42,-2.3250046500093e-05
7,43,-2.3250046500093e-05
7,44,-1.5500031000061998e-05
7,45,-7.750015500030999e-06
7,46,-7.750015500030999e-06
7,47,-1.5500031000061998e-05
7,48,-0.000170500341000682
7,49,-5.4250108500217e-05
7,50,-1.5500031000061998e-05
7,51,-5.4250108500217e-05
7,52,-1.5500031000061998e-05
7,53,-7.750015500030999e-06
7,54,-3.1000062000123996e-05
7,55,-0.000147250294500589
7,56,-1.5500031000061998e-05
7,57,-8.5250170500341e-05
7,58,-0.000116250232500465
7,59,-8.5250170500341e-05
7,60,-6.975013950027899e-05
7,61,-8.5250170500341e-05
7,62,-0.000100750201500403
7,63,-9.3000186000372e-05
7,64,-0.000100750201500403
7,65,-9.3000186000372e-05
7,66,-7.750015500031e-05
7,67,-7.750015500030999e-06
7,68,-7.750015500031e-05
7,69,-7.750015500031e-05
7,70,-7.750015500031e-05
7,71,-6.975013950027899e-05
7,72,-2.3250046500093e-05
7,73,-1.5500031000061998e-05
7,74,-1.5500031000061998e-05
7,75,-5.4250108500217e-05
7,76,-5.4250108500217e-05
8,9,-7.750015500030999e-06
8,10,-7.750015500030999e-06
8,11,-0.00027900055800111597
8,12,-1.5500031000061998e-05
8,13,-7.750015500030999e-06
8,14,-7.750015500030999e-06
8,15,-7.750015500030999e-06
8,16,-6.975013950027899e-05
8,17,-5.4250108500217e-05
8,18,-5.4250108500217e-05
8,19,-5.4250108500217e-05
8,20,-5.4250108500217e-05
8,21,-5.4250108500217e-05
8,22,-5.4250108500217e-05
8,23,-0.000116250232500465
8,24,-8.5250170500341e-05
8,25,-0.00012400024800049599
8,26,-8.5250170500341e-05
8,27,-0.000131750263500527
8,28,-3.1000062000123996e-05
8,29,-6.200012400024799e-05
8,30,-1.5500031000061998e-05
8,31,-3.1000062000123996e-05
8,32,-7.750015500030999e-06
8,33,-1.5500031000061998e-05
8,34,-4.6500093000186e-05
8,35,-4.6500093000186e-05
8,36,-4.6500093000186e-05
8,37,-4.6500093000186e-05
8,38,-4.6500093000186e-05
8,39,-2.3250046500093e-05
8,40,-7.750015500030999e-06
8,41,-8.5250170500341e-05
8,42,-2.3250046500093e-05
8,43,-2.3250046500093e-05
8,44,-1.5500031000061998e-05
8,45,-7.750015500030999e-06
8,46,-7.750015500030999e-06
8,47,-1.5500031000061998e-05
8,48,-0.000170500341000682
8,49,-5.4250108500217e-05
8,50,-1.5500031000061998e-05
8,51,-5.4250108500217e-05
8,52,-1.5500031000061998e-05
8,53,-7.750015500030999e-06
8,54,-3.1000062000123996e-05
8,55,-0.000147250294500589
8,56,-1.5500031000061998e-05
8,57,-8.5250170500341e-05
8,58,-0.000116250232500465
8,59,-8.5250170500341e-05
8,60,-6.975013950027899e-05
8,61,-8.5250170500341e-05
8,62,-0.000100750201500403
8,63,-9.3000186000372e-05
8,64,-0.000100750201500403
8,65,-9.3000186000372e-05
8,66,-7.750015500031e-05
8,67,-7.750015500030999e-06
8,68,-7.750015500031e-05
8,69,-7.750015500031e-05
8,70,-7.750015500031e-05
8,71,-6.975013950027899e-05
8,72,-2.3250046500093e-05
8,73,-1.5500031000061998e-05
8,74,-1.5500031000061998e-05
8,75,-5.4250108500217e-05
8,76,-5.4250108500217e-05
9,10,-7.750015500030999e-06
9,11,-0.00027900055800111597
9,12,-1.5500031000061998e-05
9,13,-7.750015500030999e-06
9,14,-7.750015500030999e-06
9,15,-7.750015500030999e-06
9,16,-6.975013950027899e-05
9,17,-5.4250108500217e-05
9,18,-5.4250108500217e-05
9,19,-5.4250108500217e-05
9,20,-5.4250108500217e-05
9,21,-5.4250108500217e-05
9,22,-5.4250108500217e-05
9,23,-0.000116250232500465
9,24,-8.5250170500341e-05
9,25,-0.00012400024800049599
9,26,-8.5250170500341e-05
9,27,-0.000131750263500527
9,28,-3.1000062000123996e-05
9,29,-6.200012400024799e-05
9,30,-1.5500031000061998e-05
9,31,-3.1000062000123996e-05
9,32,-7.750015500030999e-06
9,33,-1.5500031000061998e-05
9,34,-4.6500093000186e-05
9,35,-4.6500093000186e-05
9,36,-4.6500093000186e-05
9,37,-4.6500093000186e-05
9,38,-4.6500093000186e-05
9,39,-2.3250046500093e-05
9,40,-7.750015500030999e-06
9,41,-8.5250170500341e-05
9,42,-2.3250046500093e-05
9,43,-2.3250046500093e-05
9,44,-1.5500031000061998e-05
9,45,-7.750015500030999e-06
9,46,-7.750015500030999e-06
9,47,-1.5500031000061998e-05
9,48,-0.000170500341000682
9,49,-5.4250108500217e-05
9,50,-1.5500031000061998e-05
9,51,-5.4250108500217e-05
9,52,-1.5500031000061998e-05
9,53,-7.750015500030999e-06
9,54,-3.1000062000123996e-05
9,55,-0.000147250294500589
9,56,-1.5500031000061998e-05
9,57,-8.5250170500341e-05
9,58,-0.000116250232500465
9,59,-8.5250170500341e-05
9,60,-6.975013950027899e-05
9,61,-8.5250170500341e-05
9,62,-0.000100750201500403
9,63,-9.3000186000372e-05
9,64,-0.000100750201500403
9,65,-9.3000186000372e-05
9,66,-7.750015500031e-05
9,67,-7.750015500030999e-06
9,68,-7.750015500031e-05
9,69,-7.750015500031e-05
9,70,-7.750015500031e-05
9,71,-6.975013950027899e-05
9,72,-2.3250046500093e-05
9,73,-1.5500031000061998e-05
9,74,-1.5500031000061998e-05
9,75,-5.4250108500217e-05
9,76,-5.4250108500217e-05
10,11,0.003658007316014632
10,12,-1.5500031000061998e-05
10,13,-7.750015500030999e-06
10,14,-7.750015500030999e-06
10,15,-7.750015500030999e-06
10,16,-6.975013950027899e-05
10,17,-5.4250108500217e-05
10,18,-5.4250108500217e-05
10,19,-5.4250108500217e-05
10,20,-5.4250108500217e-05
10,21,-5.4250108500217e-05
10,22,-5.4250108500217e-05
10,23,-0.000116250232500465
10,24,-8.5250170500341e-05
10,25,-0.00012400024800049599
10,26,-8.5250170500341e-05
10,27,-0.000131750263500527
10,28,-3.1000062000123996e-05
10,29,-6.200012400024799e-05
10,30,-1.5500031000061998e-05
10,31,-3.1000062000123996e-05
10,32,-7.750015500030999e-06
10,33,-1.5500031000061998e-05
10,34,-4.6500093000186e-05
10,35,-4.6500093000186e-05
10,36,-4.6500093000186e-05
10,37,-4.6500093000186e-05
10,38,-4.6500093000186e-05
10,39,-2.3250046500093e-05
10,40,-7.750015500030999e-06
10,41,-8.5250170500341e-05
10,42,-2.3250046500093e-05
10,43,-2.3250046500093e-05
10,44,-1.5500031000061998e-05
10,45,-7.750015500030999e-06
10,46,-7.750015500030999e-06
10,47,-1.5500031000061998e-05
10,48,-0.000170500341000682
10,49,-5.4250108500217e-05
10,50,-1.5500031000061998e-05
10,51,-5.4250108500217e-05
10,52,-1.5500031000061998e-05
10,53,-7.750015500030999e-06
10,54,-3.1000062000123996e-05
10,55,-0.000147250294500589
10,56,-1.5500031000061998e-05
10,57,-8.5250170500341e-05
10,58,-0.000116250232500465
10,59,-8.5250170500341e-05
10,60,-6.975013950027899e-05
10,61,-8.5250170500341e-05
10,62,-0.000100750201500403
10,63,-9.3000186000372e-05
10,64,-0.000100750201500403
10,65,-9.3000186000372e-05
10,66,-7.750015500031e-05
10,67,-7.750015500030999e-06
10,68,-7.750015500031e-05
10,69,-7.750015500031e-05
10,70,-7.750015500031e-05
10,71,-6.975013950027899e-05
10,72,-2.3250046500093e-05
10,73,-1.5500031000061998e-05
10,74,-1.5500031000061998e-05
10,75,-5.4250108500217e-05
10,76,-5.4250108500217e-05
11,12,0.003379006758013516
11,13,0.003658007316014632
11,14,0.003658007316014632
11,15,0.003658007316014632
11,16,-0.0025110050220100437
11,17,-0.001953003906007812
11,18,-0.001953003906007812
11,19,-0.001953003906007812
11,20,-0.001953003906007812
11,21,-0.001953003906007812
11,22,-0.001953003906007812
11,23,-0.00024800049600099246
11,24,0.0008680017360034722
11,25,-0.0005270010540021079
11,26,0.0008680017360034722
11,27,-0.0008060016120032243
11,28,0.002821005642011284
11,29,0.00170500341000682
11,30,-0.0005580011160022319
11,31,0.002821005642011284
11,32,0.003658007316014632
11,33,0.003379006758013516
11,34,0.0022630045260090517
11,35,0.0022630045260090517
11,36,0.0022630045260090517
11,37,0.0022630045260090517
11,38,0.0022630045260090517
11,39,-0.000837001674003348
11,40,-0.00027900055800111597
11,41,-0.0030690061380122756
11,42,-0.000837001674003348
11,43,0.0031000062000123996
11,44,0.003379006758013516
11,45,-0.00027900055800111597
11,46,-0.00027900055800111597
11,47,-0.0005580011160022319
11,48,-0.0022010044020088037
11,49,0.0019840039680079358
11,50,-0.0005580011160022319
11,51,0.0019840039680079358
11,52,-0.0005580011160022319
11,53,-0.00027900055800111597
11,54,-0.0011160022320044639
11,55,-0.0013640027280054563
11,56,-0.0005580011160022319
11,57,-0.0030690061380122756
11,58,-0.00024800049600099246
11,59,-0.0030690061380122756
11,60,-0.0025110050220100437
11,61,-0.0030690061380122756
11,62,-0.003627007254014508
11,63,-0.003348006696013392
11,64,0.0003100006200012399
11,65,-0.003348006696013392
11,66,-0.0027900055800111597
11,67,-0.00027900055800111597
11,68,0.001147002294004588
11,69,0.001147002294004588
11,70,0.001147002294004588
11,71,0.001426002852005704
11,72,0.0031000062000123996
11,73,-0.0005580011160022319
11,74,-0.0005580011160022319
11,75,-0.001953003906007812
11,76,-0.001953003906007812
12,13,-1.5500031000061998e-05
12,14,-1.5500031000061998e-05
12,15,-1.5500031000061998e-05
12,16,-0.00013950027900055798
12,17,-0.000108500217000434
12,18,-0.000108500217000434
12,19,-0.000108500217000434
12,20,-0.000108500217000434
12,21,-0.000108500217000434
12,22,-0.000108500217000434
12,23,0.003704507409014818
12,24,-0.000170500341000682
12,25,-0.00024800049600099197
12,26,-0.000170500341000682
12,27,-0.000263500527001054
12,28,-6.200012400024799e-05
12,29,-0.00012400024800049599
12,30,-3.1000062000123996e-05
12,31,-6.200012400024799e-05
12,32,-1.5500031000061998e-05
12,33,-3.1000062000123996e-05
12,34,-9.3000186000372e-05
12,35,-9.3000186000372e-05
12,36,-9.3000186000372e-05
12,37,-9.3000186000372e-05
12,38,-9.3000186000372e-05
12,39,-4.6500093000186e-05
12,40,-1.5500031000061998e-05
12,41,-0.000170500341000682
12,42,-4.6500093000186e-05
12,43,-4.6500093000186e-05
12,44,-3.1000062000123996e-05
12,45,-1.5500031000061998e-05
12,46,-1.5500031000061998e-05
12,47,-3.1000062000123996e-05
12,48,-0.000341000682001364
12,49,-0.000108500217000434
12,50,-3.1000062000123996e-05
12,51,-0.000108500217000434
12,52,-3.1000062000123996e-05
12,53,-1.5500031000061998e-05
12,54,-6.200012400024799e-05
12,55,-0.000294500589001178
12,56,-3.1000062000123996e-05
12,57,-0.000170500341000682
12,58,-0.00023250046500093
12,59,-0.000170500341000682
12,60,-0.00013950027900055798
12,61,-0.000170500341000682
12,62,-0.000201500403000806
12,63,-0.000186000372000744
12,64,-0.000201500403000806
12,65,-0.000186000372000744
12,66,-0.00015500031000062
12,67,-1.5500031000061998e-05
12,68,-0.00015500031000062
12,69,-0.00015500031000062
12,70,-0.00015500031000062
12,71,-0.00013950027900055798
12,72,-4.6500093000186e-05
12,73,-3.1000062000123996e-05
12,74,-3.1000062000123996e-05
12,75,-0.000108500217000434
12,76,-0.000108500217000434
13,14,-7.750015500030999e-06
13,15,-7.750015500030999e-06
13,16,-6.975013950027899e-05
13,17,-5.4250108500217e-05
13,18,-5.4250108500217e-05
13,19,-5.4250108500217e-05
13,20,-5.4250108500217e-05
13,21,-5.4250108500217e-05
13,22,-5.4250108500217e-05
13,23,-0.000116250232500465
13,24,-8.5250170500341e-05
13,25,-0.00012400024800049599
13,26,-8.5250170500341e-05
13,27,-0.000131750263500527
13,28,-3.1000062000123996e-05
13,29,-6.200012400024799e-05
13,30,-1.5500031000061998e-05
13,31,-3.1000062000123996e-05
13,32,-7.750015500030999e-06
13,33,-1.5500031000061998e-05
13,34,-4.6500093000186e-05
13,35,-4.6500093000186e-05
13,36,-4.6500093000186e-05
13,37,-4.6500093000186e-05
13,38,-4.6500093000186e-05
13,39,-2.3250046500093e-05
13,40,-7.750015500030999e-06
13,41,-8.5250170500341e-05
13,42,-2.3250046500093e-05
13,43,-2.3250046500093e-05
13,44,-1.5500031000061998e-05
13,45,-7.750015500030999e-06
13,46,-7.750015500030999e-06
13,47,-1.5500031000061998e-05
13,48,-0.000170500341000682
13,49,-5.4250108500217e-05
13,50,-1.5500031000061998e-05
13,51,-5.4250108500217e-05
13,52,-1.5500031000061998e-05
13,53,-7.750015500030999e-06
13,54,-3.1000062000123996e-05
13,55,-0.000147250294500589
13,56,-1.5500031000061998e-05
13,57,-8.5250170500341e-05
13,58,-0.000116250232500465
13,59,-8.5250170500341e-05
13,60,-6.975013950027899e-05
13,61,-8.5250170500341e-05
13,62,-0.000100750201500403
13,63,-9.3000186000372e-05
13,64,-0.000100750201500403
13,65,-9.3000186000372e-05
13,66,-7.750015500031e-05
13,67,-7.750015500030999e-06
13,68,-7.750015500031e-05
13,69,-7.750015500031e-05
13,70,-7.750015500031e-05
13,71,-6.975013950027899e-05
13,72,-2.3250046500093e-05
13,73,-1.5500031000061998e-05
13,74,-1.5500031000061998e-05
13,75,-5.4250108500217e-05
13,76,-5.4250108500217e-05
14,15,-7.750015500030999e-06
14,16,-6.975013950027899e-05
14,17,-5.4250108500217e-05
14,18,-5.4250108500217e-05
14,19,-5.4250108500217e-05
14,20,-5.4250108500217e-05
14,21,-5.4250108500217e-05
14,22,-5.4250108500217e-05
14,23,-0.000116250232500465
14,24,-8.5250170500341e-05
14,25,-0.00012400024800049599
14,26,-8.5250170500341e-05
14,27,-0.000131750263500527
14,28,-3.1000062000123996e-05
14,29,-6.200012400024799e-05
14,30,-1.5500031000061998e-05
14,31,-3.1000062000123996e-05
14,32,-7.750015500030999e-06
14,33,-1.5500031000061998e-05
14,34,-4.6500093000186e-05
14,35,-4.6500093000186e-05
14,36,-4.6500093000186e-05
14,37,-4.6500093000186e-05
14,38,-4.6500093000186e-05
14,39,-2.3250046500093e-05
14,40,-7.750015500030999e-06
14,41,-8.5250170500341e-05
14,42,-2.3250046500093e-05
14,43,-2.3250046500093e-05
14,44,-1.5500031000061998e-05
14,45,-7.750015500030999e-06
14,46,-7.750015500030999e-06
14,47,-1.5500031000061998e-05
14,48,-0.000170500341000682
14,49,-5.4250108500217e-05
14,50,-1.5500031000061998e-05
14,51,-5.4250108500217e-05
14,52,-1.5500031000061998e-05
14,53,-7.750015500030999e-06
14,54,-3.1000062000123996e-05
14,55,-0.000147250294500589
14,56,-1.5500031000061998e-05
14,57,-8.5250170500341e-05
14,58,-0.000116250232500465
14,59,-8.5250170500341e-05
14,60,-6.975013950027899e-05
14,61,-8.5250170500341e-05
14,62,-0.000100750201500403
14,63,-9.3000186000372e-05
14,64,-0.000100750201500403
14,65,-9.3000186000372e-05
14,66,-7.750015500031e-05
14,67,-7.750015500030999e-06
14,68,-7.750015500031e-05
14,69,-7.750015500031e-05
14,70,-7.750015500031e-05
14,71,-6.975013950027899e-05
14,72,-2.3250046500093e-05
14,73,-1.5500031000061998e-05
14,74,-1.5500031000061998e-05
14,75,-5.4250108500217e-05
14,76,-5.4250108500217e-05
15,16,-6.975013950027899e-05
15,17,-5.4250108500217e-05
15,18,-5.4250108500217e-05
15,19,-5.4250108500217e-05
15,20,-5.4250108500217e-05
15,21,-5.4250108500217e-05
15,22,-5.4250108500217e-05
15,23,-0.000116250232500465
15,24,-8.5250170500341e-05
15,25,-0.00012400024800049599
15,26,-8.5250170500341e-05
15,27,-0.000131750263500527
15,28,-3.1000062000123996e-05
15,29,-6.200012400024799e-05
15,30,-1.5500031000061998e-05
15,31,-3.1000062000123996e-05
15,32,-7.750015500030999e-06
15,33,-1.5500031000061998e-05
15,34,-4.6500093000186e-05
15,35,-4.6500093000186e-05
15,36,-4.6500093000186e-05
15,37,-4.6500093000186e-05
15,38,-4.6500093000186e-05
15,39,-2.3250046500093e-05
15,40,-7.750015500030999e-06
15,41,-8.5250170500341e-05
15,42,-2.3250046500093e-05
15,43,-2.3250046500093e-05
15,44,-1.5500031000061998e-05
15,45,-7.750015500030999e-06
15,46,-7.750015500030999e-06
15,47,-1.5500031000061998e-05
15,48,-0.000170500341000682
15,49,-5.4250108500217e-05
15,50,-1.5500031000061998e-05
15,51,-5.4250108500217e-05
15,52,-1.5500031000061998e-05
15,53,-7.750015500030999e-06
15,54,-3.1000062000123996e-05
15,55,-0.000147250294500589
15,56,-1.5500031000061998e-05
15,57,-8.5250170500341e-05
15,58,-0.000116250232500465
15,59,-8.5250170500341e-05
15,60,-6.975013950027899e-05
15,61,-8.5250170500341e-05
15,62,-0.000100750201500403
15,63,-9.3000186000372e-05
15,64,-0.000100750201500403
15,65,-9.3000186000372e-05
15,66,-7.750015500031e-05
15,67,-7.750015500030999e-06
15,68,-7.750015500031e-05
15,69,-7.750015500031e-05
15,70,-7.750015500031e-05
15,71,-6.975013950027899e-05
15,72,-2.3250046500093e-05
15,73,-1.5500031000061998e-05
15,74,-1.5500031000061998e-05
15,75,-5.4250108500217e-05
15,76,-5.4250108500217e-05
16,17,0.003448756897513795
16,18,0.003448756897513795
16,19,0.003448756897513795
16,20,0.003448756897513795
16,21,0.003448756897513795
16,22,0.003448756897513795
16,23,0.002890755781511563
16,24,-0.0007672515345030689
16,25,-0.0011160022320044639
16,26,0.003169756339512679
16,27,-0.001185752371504743
16,28,-0.00027900055800111597
16,29,-0.0005580011160022319
16,30,-0.00013950027900055798
16,31,-0.00027900055800111597
16,32,-6.975013950027899e-05
16,33,-0.00013950027900055798
16,34,-0.000418500837001674
16,35,-0.000418500837001674
16,36,-0.000418500837001674
16,37,-0.000418500837001674
16,38,-0.000418500837001674
16,39,-0.000209250418500837
16,40,-6.975013950027899e-05
16,41,-0.0007672515345030689
16,42,-0.000209250418500837
16,43,-0.000209250418500837
16,44,-0.00013950027900055798
16,45,-6.975013950027899e-05
16,46,-6.975013950027899e-05
16,47,-0.00013950027900055798
16,48,-0.0015345030690061378
16,49,-0.000488250976501953
16,50,-0.00013950027900055798
16,51,-0.000488250976501953
16,52,-0.00013950027900055798
16,53,-6.975013950027899e-05
16,54,-0.00027900055800111597
16,55,0.0026117552235104466
16,56,-0.00013950027900055798
16,57,-0.0007672515345030689
16,58,-0.0010462520925041852
16,59,-0.0007672515345030689
16,60,-0.0006277512555025109
16,61,-0.0007672515345030689
16,62,-0.000906751813503627
16,63,-0.000837001674003348
16,64,-0.000906751813503627
16,65,-0.000837001674003348
16,66,-0.0006975013950027899
16,67,-6.975013950027899e-05
16,68,-0.0006975013950027899
16,69,-0.0006975013950027899
16,70,-0.0006975013950027899
16,71,-0.0006277512555025109
16,72,-0.000209250418500837
16,73,-0.00013950027900055798
16,74,-0.00013950027900055798
16,75,-0.000488250976501953
16,76,-0.000488250976501953
17,18,0.0035572571145142287
17,19,0.0035572571145142287
17,20,0.0035572571145142287
17,21,0.0035572571145142287
17,22,0.0035572571145142287
17,23,0.003123256246512493
17,24,-0.000596751193502387
17,25,-0.000868001736003472
17,26,-0.000596751193502387
17,27,-0.000922251844503689
17,28,-0.000217000434000868
17,29,-0.000434000868001736
17,30,-0.000108500217000434
17,31,-0.000217000434000868
17,32,-5.4250108500217e-05
17,33,-0.000108500217000434
17,34,-0.000325500651001302
17,35,-0.000325500651001302
17,36,-0.000325500651001302
17,37,-0.000325500651001302
17,38,-0.000325500651001302
17,39,-0.000162750325500651
17,40,-5.4250108500217e-05
17,41,-0.000596751193502387
17,42,-0.000162750325500651
17,43,-0.000162750325500651
17,44,-0.000108500217000434
17,45,-5.4250108500217e-05
17,46,-5.4250108500217e-05
17,47,-0.000108500217000434
17,48,-0.001193502387004774
17,49,-0.00037975075950151896
17,50,-0.000108500217000434
17,51,-0.00037975075950151896
17,52,-0.000108500217000434
17,53,-5.4250108500217e-05
17,54,-0.000217000434000868
17,55,-0.001030752061504123
17,56,-0.000108500217000434
17,57,-0.000596751193502387
17,58,-0.000813751627503255
17,59,-0.000596751193502387
17,60,-0.000488250976501953
17,61,-0.000596751193502387
17,62,-0.0007052514105028209
17,63,-0.000651001302002604
17,64,-0.0007052514105028209
17,65,-0.000651001302002604
17,66,-0.00054250108500217
17,67,-5.4250108500217e-05
17,68,-0.00054250108500217
17,69,-0.00054250108500217
17,70,-0.00054250108500217
17,71,-0.000488250976501953
17,72,-0.000162750325500651
17,73,-0.000108500217000434
17,74,-0.000108500217000434
17,75,-0.00037975075950151896
17,76,-0.00037975075950151896
18,19,0.0035572571145142287
18,20,0.0035572571145142287
18,21,0.0035572571145142287
18,22,0.0035572571145142287
18,23,0.003123256246512493
18,24,-0.000596751193502387
18,25,-0.000868001736003472
18,26,-0.000596751193502387
18,27,-0.000922251844503689
18,28,-0.000217000434000868
18,29,-0.000434000868001736
18,30,-0.000108500217000434
18,31,-0.000217000434000868
18,32,-5.4250108500217e-05
18,33,-0.000108500217000434
18,34,-0.000325500651001302
18,35,-0.000325500651001302
18,36,-0.000325500651001302
18,37,-0.000325500651001302
18,38,-0.000325500651001302
18,39,-0.000162750325500651
18,40,-5.4250108500217e-05
18,41,-0.000596751193502387
18,42,-0.000162750325500651
18,43,-0.000162750325500651
18,44,-0.000108500217000434
18,45,-5.4250108500217e-05
18,46,-5.4250108500217e-05
18,47,-0.000108500217000434
18,48,-0.001193502387004774
18,49,-0.00037975075950151896
18,50,-0.000108500217000434
18,51,-0.00037975075950151896
18,52,-0.000108500217000434
18,53,-5.4250108500217e-05
18,54,-0.000217000434000868
18,55,-0.001030752061504123
18,56,-0.000108500217000434
18,57,-0.000596751193502387
18,58,-0.000813751627503255
18,59,-0.000596751193502387
18,60,-0.000488250976501953
18,61,-0.000596751193502387
18,62,-0.0007052514105028209
18,63,-0.000651001302002604
18,64,-0.0007052514105028209
18,65,-0.000651001302002604
18,66,-0.00054250108500217
18,67,-5.4250108500217e-05
18,68,-0.00054250108500217
18,69,-0.00054250108500217
18,70,-0.00054250108500217
18,71,-0.000488250976501953
18,72,-0.000162750325500651
18,73,-0.000108500217000434
18,74,-0.000108500217000434
18,75,-0.00037975075950151896
18,76,-0.00037975075950151896
19,20,0.0035572571145142287
19,21,0.0035572571145142287
19,22,0.0035572571145142287
19,23,0.003123256246512493
19,24,-0.000596751193502387
19,25,-0.000868001736003472
19,26,-0.000596751193502387
19,27,-0.000922251844503689
19,28,-0.000217000434000868
19,29,-0.000434000868001736
19,30,-0.000108500217000434
19,31,-0.000217000434000868
19,32,-5.4250108500217e-05
19,33,-0.000108500217000434
19,34,-0.000325500651001302
19,35,-0.000325500651001302
19,36,-0.000325500651001302
19,37,-0.000325500651001302
19,38,-0.000325500651001302
19,39,-0.000162750325500651
19,40,-5.4250108500217e-05
19,41,-0.000596751193502387
19,42,-0.000162750325500651
19,43,-0.000162750325500651
19,44,-0.000108500217000434
19,45,-5.4250108500217e-05
19,46,-5.4250108500217e-05
19,47,-0.000108500217000434
19,48,-0.001193502387004774
19,49,-0.00037975075950151896
19,50,-0.000108500217000434
19,51,-0.00037975075950151896
19,52,-0.000108500217000434
19,53,-5.4250108500217e-05
19,54,-0.000217000434000868
19,55,-0.001030752061504123
19,56,-0.000108500217000434
19,57,-0.000596751193502387
19,58,-0.000813751627503255
19,59,-0.000596751193502387
19,60,-0.000488250976501953
19,61,-0.000596751193502387
19,62,-0.0007052514105028209
19,63,-0.000651001302002604
19,64,-0.0007052514105028209
19,65,-0.000651001302002604
19,66,-0.00054250108500217
19,67,-5.4250108500217e-05
19,68,-0.00054250108500217
19,69,-0.00054250108500217
19,70,-0.00054250108500217
19,71,-0.000488250976501953
19,72,-0.000162750325500651
19,73,-0.000108500217000434
19,74,-0.000108500217000434
19,75,-0.00037975075950151896
19,76,-0.00037975075950151896
20,21,0.0035572571145142287
20,22,0.0035572571145142287
20,23,0.003123256246512493
20,24,-0.000596751193502387
20,25,-0.000868001736003472
20,26,-0.000596751193502387
20,27,-0.000922251844503689
20,28,-0.000217000434000868
20,29,-0.000434000868001736
20,30,-0.000108500217000434
20,31,-0.000217000434000868
20,32,-5.4250108500217e-05
20,33,-0.000108500217000434
20,34,-0.000325500651001302
20,35,-0.000325500651001302
20,36,-0.000325500651001302
20,37,-0.000325500651001302
20,38,-0.000325500651001302
20,39,-0.000162750325500651
20,40,-5.4250108500217e-05
20,41,-0.000596751193502387
20,42,-0.000162750325500651
20,43,-0.000162750325500651
20,44,-0.000108500217000434
20,45,-5.4250108500217e-05
20,46,-5.4250108500217e-05
20,47,-0.000108500217000434
20,48,-0.001193502387004774
20,49,-0.00037975075950151896
20,50,-0.000108500217000434
20,51,-0.00037975075950151896
20,52,-0.000108500217000434
20,53,-5.4250108500217e-05
20,54,-0.000217000434000868
20,55,-0.001030752061504123
20,56,-0.000108500217000434
20,57,-0.000596751193502387
20,58,-0.000813751627503255
20,59,-0.000596751193502387
20,60,-0.000488250976501953
20,61,-0.000596751193502387
20,62,-0.0007052514105028209
20,63,-0.000651001302002604
20,64,-0.0007052514105028209
20,65,-0.000651001302002604
20,66,-0.00054250108500217
20,67,-5.4250108500217e-05
20,68,-0.00054250108500217
20,69,-0.00054250108500217
20,70,-0.00054250108500217
20,71,-0.000488250976501953
20,72,-0.000162750325500651
20,73,-0.000108500217000434
20,74,-0.000108500217000434
20,75,-0.00037975075950151896
20,76,-0.00037975075950151896
21,22,0.0035572571145142287
21,23,0.003123256246512493
21,24,-0.000596751193502387
21,25,-0.000868001736003472
21,26,-0.000596751193502387
21,27,-0.000922251844503689
21,28,-0.000217000434000868
21,29,-0.000434000868001736
21,30,-0.000108500217000434
21,31,-0.000217000434000868
21,32,-5.4250108500217e-05
21,33,-0.000108500217000434
21,34,-0.000325500651001302
21,35,-0.000325500651001302
21,36,-0.000325500651001302
21,37,-0.000325500651001302
21,38,-0.000325500651001302
21,39,-0.000162750325500651
21,40,-5.4250108500217e-05
21,41,-0.000596751193502387
21,42,-0.000162750325500651
21,43,-0.000162750325500651
21,44,-0.000108500217000434
21,45,-5.4250108500217e-05
21,46,-5.4250108500217e-05
21,47,-0.000108500217000434
21,48,-0.001193502387004774
21,49,-0.00037975075950151896
21,50,-0.000108500217000434
21,51,-0.00037975075950151896
21,52,-0.000108500217000434
21,53,-5.4250108500217e-05
21,54,-0.000217000434000868
21,55,-0.001030752061504123
21,56,-0.000108500217000434
21,57,-0.000596751193502387
21,58,-0.000813751627503255
21,59,-0.000596751193502387
21,60,-0.000488250976501953
21,61,-0.000596751193502387
21,62,-0.0007052514105028209
21,63,-0.000651001302002604
21,64,-0.0007052514105028209
21,65,-0.000651001302002604
21,66,-0.00054250108500217
21,67,-5.4250108500217e-05
21,68,-0.00054250108500217
21,69,-0.00054250108500217
21,70,-0.00054250108500217
21,71,-0.000488250976501953
21,72,-0.000162750325500651
21,73,-0.000108500217000434
21,74,-0.000108500217000434
21,75,-0.00037975075950151896
21,76,-0.00037975075950151896
22,23,0.003123256246512493
22,24,-0.000596751193502387
22,25,-0.000868001736003472
22,26,-0.000596751193502387
22,27,-0.000922251844503689
22,28,-0.000217000434000868
22,29,-0.000434000868001736
22,30,-0.000108500217000434
22,31,-0.000217000434000868
22,32,-5.4250108500217e-05
22,33,-0.000108500217000434
22,34,-0.000325500651001302
22,35,-0.000325500651001302
22,36,-0.000325500651001302
22,37,-0.000325500651001302
22,38,-0.000325500651001302
22,39,-0.000162750325500651
22,40,-5.4250108500217e-05
22,41,-0.000596751193502387
22,42,-0.000162750325500651
22,43,-0.000162750325500651
22,44,-0.000108500217000434
22,45,-5.4250108500217e-05
22,46,-5.4250108500217e-05
22,47,-0.000108500217000434
22,48,-0.001193502387004774
22,49,-0.00037975075950151896
22,50,-0.000108500217000434
22,51,-0.00037975075950151896
22,52,-0.000108500217000434
22,53,-5.4250108500217e-05
22,54,-0.000217000434000868
22,55,-0.001030752061504123
22,56,-0.000108500217000434
22,57,-0.000596751193502387
22,58,-0.000813751627503255
22,59,-0.000596751193502387
22,60,-0.000488250976501953
22,61,-0.000596751193502387
22,62,-0.0007052514105028209
22,63,-0.000651001302002604
22,64,-0.0007052514105028209
22,65,-0.000651001302002604
22,66,-0.00054250108500217
22,67,-5.4250108500217e-05
22,68,-0.00054250108500217
22,69,-0.00054250108500217
22,70,-0.00054250108500217
22,71,-0.000488250976501953
22,72,-0.000162750325500651
22,73,-0.000108500217000434
22,74,-0.000108500217000434
22,75,-0.00037975075950151896
22,76,-0.00037975075950151896
23,24,0.0026582553165106332
23,25,0.0020770041540083078
23,26,-0.001278752557505115
23,27,0.001960753921507843
23,28,-0.00046500093000186
23,29,0.003007006014012028
23,30,0.003704507409014818
23,31,0.003472006944013888
23,32,-0.000116250232500465
23,33,-0.00023250046500093
23,34,-0.0006975013950027899
23,35,-0.0006975013950027899
23,36,-0.0006975013950027899
23,37,-0.0006975013950027899
23,38,-0.0006975013950027899
23,39,-0.00034875069750139496
23,40,-0.000116250232500465
23,41,-0.001278752557505115
23,42,-0.00034875069750139496
23,43,-0.00034875069750139496
23,44,-0.00023250046500093
23,45,-0.000116250232500465
23,46,-0.000116250232500465
23,47,-0.00023250046500093
23,48,-0.00255750511501023
23,49,-0.000813751627503255
23,50,-0.00023250046500093
23,51,-0.000813751627503255
23,52,-0.00023250046500093
23,53,-0.000116250232500465
23,54,-0.00046500093000186
23,55,-0.002208754417508835
23,56,-0.00023250046500093
23,57,-0.001278752557505115
23,58,-0.001743753487506975
23,59,-0.001278752557505115
23,60,-0.0010462520925041852
23,61,-0.001278752557505115
23,62,-0.001511253022506045
23,63,-0.0013950027900055798
23,64,-0.001511253022506045
23,65,-0.0013950027900055798
23,66,-0.0011625023250046499
23,67,-0.000116250232500465
23,68,-0.0011625023250046499
23,69,-0.0011625023250046499
23,70,-0.0011625023250046499
23,71,-0.0010462520925041852
23,72,-0.00034875069750139496
23,73,-0.00023250046500093
23,74,-0.00023250046500093
23,75,-0.000813751627503255
23,76,-0.000813751627503255
24,25,0.0025730051460102917
24,26,0.0029992559985119968
24,27,0.002487754975509951
24,28,-0.000341000682001364
24,29,-0.000682001364002728
24,30,-0.000170500341000682
24,31,-0.000341000682001364
24,32,-8.5250170500341e-05
24,33,-0.000170500341000682
24,34,-0.0005115010230020459
24,35,-0.0005115010230020459
24,36,-0.0005115010230020459
24,37,-0.0005115010230020459
24,38,-0.0005115010230020459
24,39,-0.00025575051150102297
24,40,-8.5250170500341e-05
24,41,0.0029992559985119968
24,42,0.003681257362514725
24,43,-0.00025575051150102297
24,44,-0.000170500341000682
24,45,-8.5250170500341e-05
24,46,-8.5250170500341e-05
24,47,-0.000170500341000682
24,48,-0.001875503751007502
24,49,-0.000596751193502387
24,50,0.0037665075330150658
24,51,-0.000596751193502387
24,52,-0.000170500341000682
24,53,-8.5250170500341e-05
24,54,-0.000341000682001364
24,55,-0.001619753239506479
24,56,-0.000170500341000682
24,57,-0.000937751875503751
24,58,-0.001278752557505115
24,59,-0.000937751875503751
24,60,-0.0007672515345030689
24,61,-0.000937751875503751
24,62,-0.001108252216504433
24,63,-0.0010230020460040919
24,64,-0.001108252216504433
24,65,-0.0010230020460040919
24,66,-0.00085250170500341
24,67,-8.5250170500341e-05
24,68,0.003084506169012338
24,69,0.003084506169012338
24,70,0.003084506169012338
24,71,-0.0007672515345030689
24,72,-0.00025575051150102297
24,73,-0.000170500341000682
24,74,-0.000170500341000682
24,75,-0.000596751193502387
24,76,-0.000596751193502387
25,26,0.0025730051460102917
25,27,0.0018290036580073158
25,28,-0.0004960009920019839
25,29,-0.0009920019840039679
25,30,-0.00024800049600099197
25,31,-0.0004960009920019839
25,32,-0.00012400024800049599
25,33,-0.00024800049600099197
25,34,-0.000744001488002976
25,35,-0.000744001488002976
25,36,-0.000744001488002976
25,37,-0.000744001488002976
25,38,-0.000744001488002976
25,39,0.0035650071300142596
25,40,0.003813007626015252
25,41,0.0025730051460102917
25,42,0.0035650071300142596
25,43,-0.000372000744001488
25,44,-0.00024800049600099197
25,45,-0.00012400024800049599
25,46,-0.00012400024800049599
25,47,-0.00024800049600099197
25,48,0.001209002418004836
25,49,-0.000868001736003472
25,50,-0.00024800049600099197
25,51,-0.000868001736003472
25,52,-0.00024800049600099197
25,53,-0.00012400024800049599
25,54,-0.0004960009920019839
25,55,0.0015810031620063238
25,56,-0.00024800049600099197
25,57,-0.001364002728005456
25,58,-0.00186000372000744
25,59,-0.001364002728005456
25,60,-0.0011160022320044639
25,61,-0.001364002728005456
25,62,-0.001612003224006448
25,63,-0.001488002976005952
25,64,-0.001612003224006448
25,65,-0.001488002976005952
25,66,-0.00124000248000496
25,67,-0.00012400024800049599
25,68,0.002697005394010788
25,69,0.002697005394010788
25,70,0.002697005394010788
25,71,0.002821005642011284
25,72,-0.000372000744001488
25,73,-0.00024800049600099197
25,74,-0.00024800049600099197
25,75,0.0030690061380122756
25,76,-0.000868001736003472
26,27,0.002487754975509951
26,28,-0.000341000682001364
26,29,-0.000682001364002728
26,30,-0.000170500341000682
26,31,-0.000341000682001364
26,32,-8.5250170500341e-05
26,33,-0.000170500341000682
26,34,-0.0005115010230020459
26,35,-0.0005115010230020459
26,36,-0.0005115010230020459
26,37,-0.0005115010230020459
26,38,-0.0005115010230020459
26,39,-0.00025575051150102297
26,40,-8.5250170500341e-05
26,41,-0.000937751875503751
26,42,-0.00025575051150102297
26,43,0.003681257362514725
26,44,-0.000170500341000682
26,45,-8.5250170500341e-05
26,46,-8.5250170500341e-05
26,47,-0.000170500341000682
26,48,-0.001875503751007502
26,49,0.003340256680513361
26,50,-0.000170500341000682
26,51,0.003340256680513361
26,52,-0.000170500341000682
26,53,-8.5250170500341e-05
26,54,0.003596007192014384
26,55,0.0023172546345092693
26,56,-0.000170500341000682
26,57,-0.000937751875503751
26,58,-0.001278752557505115
26,59,-0.000937751875503751
26,60,-0.0007672515345030689
26,61,-0.000937751875503751
26,62,-0.001108252216504433
26,63,-0.0010230020460040919
26,64,-0.001108252216504433
26,65,-0.0010230020460040919
26,66,-0.00085250170500341
26,67,-8.5250170500341e-05
26,68,-0.00085250170500341
26,69,-0.00085250170500341
26,70,-0.00085250170500341
26,71,-0.0007672515345030689
26,72,0.003681257362514725
26,73,-0.000170500341000682
26,74,-0.000170500341000682
26,75,-0.000596751193502387
26,76,-0.000596751193502387
27,28,0.00341000682001364
27,29,0.002883005766011532
27,30,-0.000263500527001054
27,31,0.00341000682001364
27,32,-0.000131750263500527
27,33,0.0036735073470146942
27,34,-0.000790501581003162
27,35,-0.000790501581003162
27,36,-0.000790501581003162
27,37,-0.000790501581003162
27,38,-0.000790501581003162
27,39,-0.000395250790501581
27,40,-0.000131750263500527
27,41,-0.001449252898505797
27,42,-0.000395250790501581
27,43,0.003541757083514167
27,44,-0.000263500527001054
27,45,-0.000131750263500527
27,46,-0.000131750263500527
27,47,-0.000263500527001054
27,48,0.0010385020770041539
27,49,-0.000922251844503689
27,50,-0.000263500527001054
27,51,-0.000922251844503689
27,52,-0.000263500527001054
27,53,-0.000131750263500527
27,54,-0.000527001054002108
27,55,-0.002503255006510013
27,56,-0.000263500527001054
27,57,-0.001449252898505797
27,58,0.001960753921507843
27,59,-0.001449252898505797
27,60,-0.001185752371504743
27,61,-0.001449252898505797
27,62,-0.001712753425506851
27,63,-0.001581003162006324
27,64,-0.001712753425506851
27,65,-0.001581003162006324
27,66,-0.00131750263500527
27,67,-0.000131750263500527
27,68,0.002619505239010478
27,69,0.002619505239010478
27,70,0.002619505239010478
27,71,0.002751255502511005
27,72,0.003541757083514167
27,73,-0.000263500527001054
27,74,-0.000263500527001054
27,75,-0.000922251844503689
27,76,-0.000922251844503689
28,29,-0.00024800049600099197
28,30,-6.200012400024799e-05
28,31,-0.00012400024800049599
28,32,-3.1000062000123996e-05
28,33,-6.200012400024799e-05
28,34,-0.000186000372000744
28,35,-0.000186000372000744
28,36,-0.000186000372000744
28,37,-0.000186000372000744
28,38,-0.000186000372000744
28,39,-9.3000186000372e-05
28,40,-3.1000062000123996e-05
28,41,-0.000341000682001364
28,42,-9.3000186000372e-05
28,43,-9.3000186000372e-05
28,44,0.0038750077500155
28,45,0.003906007812015624
28,46,-3.1000062000123996e-05
28,47,-6.200012400024799e-05
28,48,-0.000682001364002728
28,49,-0.000217000434000868
28,50,-6.200012400024799e-05
28,51,-0.000217000434000868
28,52,-6.200012400024799e-05
28,53,-3.1000062000123996e-05
28,54,-0.00012400024800049599
28,55,-0.000589001178002356
28,56,-6.200012400024799e-05
28,57,-0.000341000682001364
28,58,-0.00046500093000186
28,59,-0.000341000682001364
28,60,-0.00027900055800111597
28,61,-0.000341000682001364
28,62,-0.000403000806001612
28,63,-0.000372000744001488
28,64,-0.000403000806001612
28,65,-0.000372000744001488
28,66,-0.00031000062000124
28,67,-3.1000062000123996e-05
28,68,-0.00031000062000124
28,69,-0.00031000062000124
28,70,-0.00031000062000124
28,71,-0.00027900055800111597
28,72,-9.3000186000372e-05
28,73,-6.200012400024799e-05
28,74,-6.200012400024799e-05
28,75,-0.000217000434000868
28,76,-0.000217000434000868
29,30,-0.00012400024800049599
29,31,-0.00024800049600099197
29,32,-6.200012400024799e-05
29,33,-0.00012400024800049599
29,34,0.0035650071300142596
29,35,0.0035650071300142596
29,36,0.0035650071300142596
29,37,0.0035650071300142596
29,38,0.0035650071300142596
29,39,-0.000186000372000744
29,40,-6.200012400024799e-05
29,41,-0.000682001364002728
29,42,-0.000186000372000744
29,43,-0.000186000372000744
29,44,-0.00012400024800049599
29,45,-6.200012400024799e-05
29,46,-6.200012400024799e-05
29,47,-0.00012400024800049599
29,48,-0.001364002728005456
29,49,-0.000434000868001736
29,50,-0.00012400024800049599
29,51,-0.000434000868001736
29,52,-0.00012400024800049599
29,53,-6.200012400024799e-05
29,54,-0.00024800049600099197
29,55,-0.001178002356004712
29,56,-0.00012400024800049599
29,57,-0.000682001364002728
29,58,-0.00093000186000372
29,59,-0.000682001364002728
29,60,-0.0005580011160022319
29,61,-0.000682001364002728
29,62,-0.000806001612003224
29,63,-0.000744001488002976
29,64,-0.000806001612003224
29,65,-0.000744001488002976
29,66,-0.00062000124000248
29,67,-6.200012400024799e-05
29,68,-0.00062000124000248
29,69,-0.00062000124000248
29,70,-0.00062000124000248
29,71,-0.0005580011160022319
29,72,-0.000186000372000744
29,73,-0.00012400024800049599
29,74,-0.00012400024800049599
29,75,-0.000434000868001736
29,76,-0.000434000868001736
30,31,0.0038750077500155
30,32,-1.5500031000061998e-05
30,33,-3.1000062000123996e-05
30,34,-9.3000186000372e-05
30,35,-9.3000186000372e-05
30,36,-9.3000186000372e-05
30,37,-9.3000186000372e-05
30,38,-9.3000186000372e-05
30,39,-4.6500093000186e-05
30,40,-1.5500031000061998e-05
30,41,-0.000170500341000682
30,42,-4.6500093000186e-05
30,43,-4.6500093000186e-05
30,44,-3.1000062000123996e-05
30,45,-1.5500031000061998e-05
30,46,-1.5500031000061998e-05
30,47,-3.1000062000123996e-05
30,48,-0.000341000682001364
30,49,-0.000108500217000434
30,50,-3.1000062000123996e-05
30,51,-0.000108500217000434
30,52,-3.1000062000123996e-05
30,53,-1.5500031000061998e-05
30,54,-6.200012400024799e-05
30,55,-0.000294500589001178
30,56,-3.1000062000123996e-05
30,57,-0.000170500341000682
30,58,-0.00023250046500093
30,59,-0.000170500341000682
30,60,-0.00013950027900055798
30,61,-0.000170500341000682
30,62,-0.000201500403000806
30,63,-0.000186000372000744
30,64,-0.000201500403000806
30,65,-0.000186000372000744
30,66,-0.00015500031000062
30,67,-1.5500031000061998e-05
30,68,-0.00015500031000062
30,69,-0.00015500031000062
30,70,-0.00015500031000062
30,71,-0.00013950027900055798
30,72,-4.6500093000186e-05
30,73,-3.1000062000123996e-05
30,74,-3.1000062000123996e-05
30,75,-0.000108500217000434
30,76,-0.000108500217000434
31,32,-3.1000062000123996e-05
31,33,-6.200012400024799e-05
31,34,-0.000186000372000744
31,35,-0.000186000372000744
31,36,-0.000186000372000744
31,37,-0.000186000372000744
31,38,-0.000186000372000744
31,39,-9.3000186000372e-05
31,40,-3.1000062000123996e-05
31,41,-0.000341000682001364
31,42,-9.3000186000372e-05
31,43,-9.3000186000372e-05
31,44,-6.200012400024799e-05
31,45,-3.1000062000123996e-05
31,46,-3.1000062000123996e-05
31,47,-6.200012400024799e-05
31,48,-0.000682001364002728
31,49,-0.000217000434000868
31,50,-6.200012400024799e-05
31,51,-0.000217000434000868
31,52,-6.200012400024799e-05
31,53,-3.1000062000123996e-05
31,54,-0.00012400024800049599
31,55,-0.000589001178002356
31,56,-6.200012400024799e-05
31,57,-0.000341000682001364
31,58,-0.00046500093000186
31,59,-0.000341000682001364
31,60,-0.00027900055800111597
31,61,-0.000341000682001364
31,62,-0.000403000806001612
31,63,-0.000372000744001488
31,64,-0.000403000806001612
31,65,-0.000372000744001488
31,66,-0.00031000062000124
31,67,-3.1000062000123996e-05
31,68,-0.00031000062000124
31,69,-0.00031000062000124
31,70,-0.00031000062000124
31,71,-0.00027900055800111597
31,72,-9.3000186000372e-05
31,73,-6.200012400024799e-05
31,74,-6.200012400024799e-05
31,75,-0.000217000434000868
31,76,-0.000217000434000868
32,33,-1.5500031000061998e-05
32,34,-4.6500093000186e-05
32,35,-4.6500093000186e-05
32,36,-4.6500093000186e-05
32,37,-4.6500093000186e-05
32,38,-4.6500093000186e-05
32,39,-2.3250046500093e-05
32,40,-7.750015500030999e-06
32,41,-8.5250170500341e-05
32,42,-2.3250046500093e-05
32,43,-2.3250046500093e-05
32,44,-1.5500031000061998e-05
32,45,-7.750015500030999e-06
32,46,-7.750015500030999e-06
32,47,-1.5500031000061998e-05
32,48,-0.000170500341000682
32,49,-5.4250108500217e-05
32,50,-1.5500031000061998e-05
32,51,-5.4250108500217e-05
32,52,-1.5500031000061998e-05
32,53,-7.750015500030999e-06
32,54,-3.1000062000123996e-05
32,55,-0.000147250294500589
32,56,-1.5500031000061998e-05
32,57,-8.5250170500341e-05
32,58,-0.000116250232500465
32,59,-8.5250170500341e-05
32,60,-6.975013950027899e-05
32,61,-8.5250170500341e-05
32,62,-0.000100750201500403
32,63,-9.3000186000372e-05
32,64,-0.000100750201500403
32,65,-9.3000186000372e-05
32,66,-7.750015500031e-05
32,67,-7.750015500030999e-06
32,68,-7.750015500031e-05
32,69,-7.750015500031e-05
32,70,-7.750015500031e-05
32,71,-6.975013950027899e-05
32,72,-2.3250046500093e-05
32,73,-1.5500031000061998e-05
32,74,-1.5500031000061998e-05
32,75,-5.4250108500217e-05
32,76,-5.4250108500217e-05
33,34,-9.3000186000372e-05
33,35,-9.3000186000372e-05
33,36,-9.3000186000372e-05
33,37,-9.3000186000372e-05
33,38,-9.3000186000372e-05
33,39,-4.6500093000186e-05
33,40,-1.5500031000061998e-05
33,41,-0.000170500341000682
33,42,-4.6500093000186e-05
33,43,-4.6500093000186e-05
33,44,-3.1000062000123996e-05
33,45,-1.5500031000061998e-05
33,46,-1.5500031000061998e-05
33,47,-3.1000062000123996e-05
33,48,-0.000341000682001364
33,49,-0.000108500217000434
33,50,-3.1000062000123996e-05
33,51,-0.000108500217000434
33,52,-3.1000062000123996e-05
33,53,-1.5500031000061998e-05
33,54,-6.200012400024799e-05
33,55,-0.000294500589001178
33,56,-3.1000062000123996e-05
33,57,-0.000170500341000682
33,58,-0.00023250046500093
33,59,-0.000170500341000682
33,60,-0.00013950027900055798
33,61,-0.000170500341000682
33,62,-0.000201500403000806
33,63,-0.000186000372000744
33,64,-0.000201500403000806
33,65,-0.000186000372000744
33,66,-0.00015500031000062
33,67,-1.5500031000061998e-05
33,68,-0.00015500031000062
33,69,-0.00015500031000062
33,70,-0.00015500031000062
33,71,-0.00013950027900055798
33,72,-4.6500093000186e-05
33,73,-3.1000062000123996e-05
33,74,-3.1000062000123996e-05
33,75,-0.000108500217000434
33,76,-0.000108500217000434
34,35,0.003658007316014632
34,36,0.003658007316014632
34,37,0.003658007316014632
34,38,0.003658007316014632
34,39,-0.00013950027900055798
34,40,-4.6500093000186e-05
34,41,-0.0005115010230020459
34,42,-0.00013950027900055798
34,43,-0.00013950027900055798
34,44,-9.3000186000372e-05
34,45,-4.6500093000186e-05
34,46,-4.6500093000186e-05
34,47,-9.3000186000372e-05
34,48,-0.0010230020460040919
34,49,-0.000325500651001302
34,50,-9.3000186000372e-05
34,51,-0.000325500651001302
34,52,-9.3000186000372e-05
34,53,-4.6500093000186e-05
34,54,-0.000186000372000744
34,55,-0.000883501767003534
34,56,-9.3000186000372e-05
34,57,-0.0005115010230020459
34,58,-0.0006975013950027899
34,59,-0.0005115010230020459
34,60,-0.000418500837001674
34,61,-0.0005115010230020459
34,62,-0.000604501209002418
34,63,-0.0005580011160022319
34,64,-0.000604501209002418
34,65,-0.0005580011160022319
34,66,-0.00046500093000186
34,67,-4.6500093000186e-05
34,68,-0.00046500093000186
34,69,-0.00046500093000186
34,70,-0.00046500093000186
34,71,-0.000418500837001674
34,72,-0.00013950027900055798
34,73,-9.3000186000372e-05
34,74,-9.3000186000372e-05
34,75,-0.000325500651001302
34,76,-0.000325500651001302
35,36,0.003658007316014632
35,37,0.003658007316014632
35,38,0.003658007316014632
35,39,-0.00013950027900055798
35,40,-4.6500093000186e-05
35,41,-0.0005115010230020459
35,42,-0.00013950027900055798
35,43,-0.00013950027900055798
35,44,-9.3000186000372e-05
35,45,-4.6500093000186e-05
35,46,-4.6500093000186e-05
35,47,-9.3000186000372e-05
35,48,-0.0010230020460040919
35,49,-0.000325500651001302
35,50,-9.3000186000372e-05
35,51,-0.000325500651001302
35,52,-9.3000186000372e-05
35,53,-4.6500093000186e-05
35,54,-0.000186000372000744
35,55,-0.000883501767003534
35,56,-9.3000186000372e-05
35,57,-0.0005115010230020459
35,58,-0.0006975013950027899
35,59,-0.0005115010230020459
35,60,-0.000418500837001674
35,61,-0.0005115010230020459
35,62,-0.000604501209002418
35,63,-0.0005580011160022319
35,64,-0.000604501209002418
35,65,-0.0005580011160022319
35,66,-0.00046500093000186
35,67,-4.6500093000186e-05
35,68,-0.00046500093000186
35,69,-0.00046500093000186
35,70,-0.00046500093000186
35,71,-0.000418500837001674
35,72,-0.00013950027900055798
35,73,-9.3000186000372e-05
35,74,-9.3000186000372e-05
35,75,-0.000325500651001302
35,76,-0.000325500651001302
36,37,0.003658007316014632
36,38,0.003658007316014632
36,39,-0.00013950027900055798
36,40,-4.6500093000186e-05
36,41,-0.0005115010230020459
36,42,-0.00013950027900055798
36,43,-0.00013950027900055798
36,44,-9.3000186000372e-05
36,45,-4.6500093000186e-05
36,46,-4.6500093000186e-05
36,47,-9.3000186000372e-05
36,48,-0.0010230020460040919
36,49,-0.000325500651001302
36,50,-9.3000186000372e-05
36,51,-0.000325500651001302
36,52,-9.3000186000372e-05
36,53,-4.6500093000186e-05
36,54,-0.000186000372000744
36,55,-0.000883501767003534
36,56,-9.3000186000372e-05
36,57,-0.0005115010230020459
36,58,-0.0006975013950027899
36,59,-0.0005115010230020459
36,60,-0.000418500837001674
36,61,-0.0005115010230020459
36,62,-0.000604501209002418
36,63,-0.0005580011160022319
36,64,-0.000604501209002418
36,65,-0.0005580011160022319
36,66,-0.00046500093000186
36,67,-4.6500093000186e-05
36,68,-0.00046500093000186
36,69,-0.00046500093000186
36,70,-0.00046500093000186
36,71,-0.000418500837001674
36,72,-0.00013950027900055798
36,73,-9.3000186000372e-05
36,74,-9.3000186000372e-05
36,75,-0.000325500651001302
36,76,-0.000325500651001302
37,38,0.003658007316014632
37,39,-0.00013950027900055798
37,40,-4.6500093000186e-05
37,41,-0.0005115010230020459
37,42,-0.00013950027900055798
37,43,-0.00013950027900055798
37,44,-9.3000186000372e-05
37,45,-4.6500093000186e-05
37,46,-4.6500093000186e-05
37,47,-9.3000186000372e-05
37,48,-0.0010230020460040919
37,49,-0.000325500651001302
37,50,-9.3000186000372e-05
37,51,-0.000325500651001302
37,52,-9.3000186000372e-05
37,53,-4.6500093000186e-05
37,54,-0.000186000372000744
37,55,-0.000883501767003534
37,56,-9.3000186000372e-05
37,57,-0.0005115010230020459
37,58,-0.0006975013950027899
37,59,-0.0005115010230020459
37,60,-0.000418500837001674
37,61,-0.0005115010230020459
37,62,-0.000604501209002418
37,63,-0.0005580011160022319
37,64,-0.000604501209002418
37,65,-0.0005580011160022319
37,66,-0.00046500093000186
37,67,-4.6500093000186e-05
37,68,-0.00046500093000186
37,69,-0.00046500093000186
37,70,-0.00046500093000186
37,71,-0.000418500837001674
37,72,-0.00013950027900055798
37,73,-9.3000186000372e-05
37,74,-9.3000186000372e-05
37,75,-0.000325500651001302
37,76,-0.000325500651001302
38,39,-0.00013950027900055798
38,40,-4.6500093000186e-05
38,41,-0.0005115010230020459
38,42,-0.00013950027900055798
38,43,-0.00013950027900055798
38,44,-9.3000186000372e-05
38,45,-4.6500093000186e-05
38,46,-4.6500093000186e-05
38,47,-9.3000186000372e-05
38,48,-0.0010230020460040919
38,49,-0.000325500651001302
38,50,-9.3000186000372e-05
38,51,-0.000325500651001302
38,52,-9.3000186000372e-05
38,53,-4.6500093000186e-05
38,54,-0.000186000372000744
38,55,-0.000883501767003534
38,56,-9.3000186000372e-05
38,57,-0.0005115010230020459
38,58,-0.0006975013950027899
38,59,-0.0005115010230020459
38,60,-0.000418500837001674
38,61,-0.0005115010230020459
38,62,-0.000604501209002418
38,63,-0.0005580011160022319
38,64,-0.000604501209002418
38,65,-0.0005580011160022319
38,66,-0.00046500093000186
38,67,-4.6500093000186e-05
38,68,-0.00046500093000186
38,69,-0.00046500093000186
38,70,-0.00046500093000186
38,71,-0.000418500837001674
38,72,-0.00013950027900055798
38,73,-9.3000186000372e-05
38,74,-9.3000186000372e-05
38,75,-0.000325500651001302
38,76,-0.000325500651001302
39,40,-2.3250046500093e-05
39,41,-0.00025575051150102297
39,42,-6.975013950027899e-05
39,43,-6.975013950027899e-05
39,44,-4.6500093000186e-05
39,45,-2.3250046500093e-05
39,46,-2.3250046500093e-05
39,47,-4.6500093000186e-05
39,48,-0.0005115010230020459
39,49,-0.000162750325500651
39,50,-4.6500093000186e-05
39,51,-0.000162750325500651
39,52,0.003890507781015562
39,53,-2.3250046500093e-05
39,54,-9.3000186000372e-05
39,55,0.0034952569905139807
39,56,-4.6500093000186e-05
39,57,-0.00025575051150102297
39,58,-0.00034875069750139496
39,59,-0.00025575051150102297
39,60,-0.000209250418500837
39,61,-0.00025575051150102297
39,62,-0.000302250604501209
39,63,-0.00027900055800111597
39,64,-0.000302250604501209
39,65,-0.00027900055800111597
39,66,-0.00023250046500093
39,67,-2.3250046500093e-05
39,68,-0.00023250046500093
39,69,-0.00023250046500093
39,70,-0.00023250046500093
39,71,-0.000209250418500837
39,72,-6.975013950027899e-05
39,73,-4.6500093000186e-05
39,74,-4.6500093000186e-05
39,75,-0.000162750325500651
39,76,-0.000162750325500651
40,41,-8.5250170500341e-05
40,42,-2.3250046500093e-05
40,43,-2.3250046500093e-05
40,44,-1.5500031000061998e-05
40,45,-7.750015500030999e-06
40,46,-7.750015500030999e-06
40,47,-1.5500031000061998e-05
40,48,-0.000170500341000682
40,49,-5.4250108500217e-05
40,50,-1.5500031000061998e-05
40,51,-5.4250108500217e-05
40,52,-1.5500031000061998e-05
40,53,-7.750015500030999e-06
40,54,-3.1000062000123996e-05
40,55,-0.000147250294500589
40,56,-1.5500031000061998e-05
40,57,-8.5250170500341e-05
40,58,-0.000116250232500465
40,59,-8.5250170500341e-05
40,60,-6.975013950027899e-05
40,61,-8.5250170500341e-05
40,62,-0.000100750201500403
40,63,-9.3000186000372e-05
40,64,-0.000100750201500403
40,65,-9.3000186000372e-05
40,66,-7.750015500031e-05
40,67,-7.750015500030999e-06
40,68,-7.750015500031e-05
40,69,-7.750015500031e-05
40,70,-7.750015500031e-05
40,71,-6.975013950027899e-05
40,72,-2.3250046500093e-05
40,73,-1.5500031000061998e-05
40,74,-1.5500031000061998e-05
40,75,-5.4250108500217e-05
40,76,-5.4250108500217e-05
41,42,0.003681257362514725
41,43,-0.00025575051150102297
41,44,-0.000170500341000682
41,45,-8.5250170500341e-05
41,46,-8.5250170500341e-05
41,47,-0.000170500341000682
41,48,-0.001875503751007502
41,49,-0.000596751193502387
41,50,-0.000170500341000682
41,51,-0.000596751193502387
41,52,-0.000170500341000682
41,53,-8.5250170500341e-05
41,54,-0.000341000682001364
41,55,0.0023172546345092693
41,56,-0.000170500341000682
41,57,0.0029992559985119968
41,58,-0.001278752557505115
41,59,-0.000937751875503751
41,60,-0.0007672515345030689
41,61,-0.000937751875503751
41,62,0.002828755657511315
41,63,-0.0010230020460040919
41,64,-0.001108252216504433
41,65,-0.0010230020460040919
41,66,-0.00085250170500341
41,67,-8.5250170500341e-05
41,68,0.003084506169012338
41,69,0.003084506169012338
41,70,0.003084506169012338
41,71,0.003169756339512679
41,72,-0.00025575051150102297
41,73,-0.000170500341000682
41,74,-0.000170500341000682
41,75,0.003340256680513361
41,76,-0.000596751193502387
42,43,-6.975013950027899e-05
42,44,-4.6500093000186e-05
42,45,-2.3250046500093e-05
42,46,-2.3250046500093e-05
42,47,-4.6500093000186e-05
42,48,-0.0005115010230020459
42,49,-0.000162750325500651
42,50,-4.6500093000186e-05
42,51,-0.000162750325500651
42,52,-4.6500093000186e-05
42,53,-2.3250046500093e-05
42,54,-9.3000186000372e-05
42,55,-0.000441750883501767
42,56,-4.6500093000186e-05
42,57,-0.00025575051150102297
42,58,-0.00034875069750139496
42,59,-0.00025575051150102297
42,60,-0.000209250418500837
42,61,-0.00025575051150102297
42,62,-0.000302250604501209
42,63,-0.00027900055800111597
42,64,-0.000302250604501209
42,65,-0.00027900055800111597
42,66,-0.00023250046500093
42,67,-2.3250046500093e-05
42,68,-0.00023250046500093
42,69,-0.00023250046500093
42,70,-0.00023250046500093
42,71,-0.000209250418500837
42,72,-6.975013950027899e-05
42,73,-4.6500093000186e-05
42,74,-4.6500093000186e-05
42,75,-0.000162750325500651
42,76,-0.000162750325500651
43,44,-4.6500093000186e-05
43,45,-2.3250046500093e-05
43,46,-2.3250046500093e-05
43,47,-4.6500093000186e-05
43,48,-0.0005115010230020459
43,49,-0.000162750325500651
43,50,-4.6500093000186e-05
43,51,-0.000162750325500651
43,52,-4.6500093000186e-05
43,53,-2.3250046500093e-05
43,54,-9.3000186000372e-05
43,55,-0.000441750883501767
43,56,-4.6500093000186e-05
43,57,-0.00025575051150102297
43,58,-0.00034875069750139496
43,59,-0.00025575051150102297
43,60,-0.000209250418500837
43,61,-0.00025575051150102297
43,62,-0.000302250604501209
43,63,-0.00027900055800111597
43,64,-0.000302250604501209
43,65,-0.00027900055800111597
43,66,-0.00023250046500093
43,67,-2.3250046500093e-05
43,68,-0.00023250046500093
43,69,-0.00023250046500093
43,70,-0.00023250046500093
43,71,-0.000209250418500837
43,72,-6.975013950027899e-05
43,73,-4.6500093000186e-05
43,74,-4.6500093000186e-05
43,75,-0.000162750325500651
43,76,-0.000162750325500651
44,45,-1.5500031000061998e-05
44,46,-1.5500031000061998e-05
44,47,-3.1000062000123996e-05
44,48,-0.000341000682001364
44,49,-0.000108500217000434
44,50,-3.1000062000123996e-05
44,51,-0.000108500217000434
44,52,-3.1000062000123996e-05
44,53,-1.5500031000061998e-05
44,54,-6.200012400024799e-05
44,55,-0.000294500589001178
44,56,-3.1000062000123996e-05
44,57,-0.000170500341000682
44,58,-0.00023250046500093
44,59,-0.000170500341000682
44,60,-0.00013950027900055798
44,61,-0.000170500341000682
44,62,-0.000201500403000806
44,63,-0.000186000372000744
44,64,-0.000201500403000806
44,65,-0.000186000372000744
44,66,-0.00015500031000062
44,67,-1.5500031000061998e-05
44,68,-0.00015500031000062
44,69,-0.00015500031000062
44,70,-0.00015500031000062
44,71,-0.00013950027900055798
44,72,-4.6500093000186e-05
44,73,-3.1000062000123996e-05
44,74,-3.1000062000123996e-05
44,75,-0.000108500217000434
44,76,-0.000108500217000434
45,46,-7.750015500030999e-06
45,47,-1.5500031000061998e-05
45,48,-0.000170500341000682
45,49,-5.4250108500217e-05
45,50,-1.5500031000061998e-05
45,51,-5.4250108500217e-05
45,52,-1.5500031000061998e-05
45,53,-7.750015500030999e-06
45,54,-3.1000062000123996e-05
45,55,-0.000147250294500589
45,56,-1.5500031000061998e-05
45,57,-8.5250170500341e-05
45,58,-0.000116250232500465
45,59,-8.5250170500341e-05
45,60,-6.975013950027899e-05
45,61,-8.5250170500341e-05
45,62,-0.000100750201500403
45,63,-9.3000186000372e-05
45,64,-0.000100750201500403
45,65,-9.3000186000372e-05
45,66,-7.750015500031e-05
45,67,-7.750015500030999e-06
45,68,-7.750015500031e-05
45,69,-7.750015500031e-05
45,70,-7.750015500031e-05
45,71,-6.975013950027899e-05
45,72,-2.3250046500093e-05
45,73,-1.5500031000061998e-05
45,74,-1.5500031000061998e-05
45,75,-5.4250108500217e-05
45,76,-5.4250108500217e-05
46,47,0.003921507843015686
46,48,-0.000170500341000682
46,49,-5.4250108500217e-05
46,50,-1.5500031000061998e-05
46,51,-5.4250108500217e-05
46,52,-1.5500031000061998e-05
46,53,-7.750015500030999e-06
46,54,-3.1000062000123996e-05
46,55,-0.000147250294500589
46,56,-1.5500031000061998e-05
46,57,-8.5250170500341e-05
46,58,-0.000116250232500465
46,59,-8.5250170500341e-05
46,60,-6.975013950027899e-05
46,61,-8.5250170500341e-05
46,62,-0.000100750201500403
46,63,-9.3000186000372e-05
46,64,-0.000100750201500403
46,65,-9.3000186000372e-05
46,66,-7.750015500031e-05
46,67,-7.750015500030999e-06
46,68,-7.750015500031e-05
46,69,-7.750015500031e-05
46,70,-7.750015500031e-05
46,71,-6.975013950027899e-05
46,72,-2.3250046500093e-05
46,73,-1.5500031000061998e-05
46,74,-1.5500031000061998e-05
46,75,-5.4250108500217e-05
46,76,-5.4250108500217e-05
47,48,0.003596007192014384
47,49,-0.000108500217000434
47,50,-3.1000062000123996e-05
47,51,-0.000108500217000434
47,52,-3.1000062000123996e-05
47,53,-1.5500031000061998e-05
47,54,-6.200012400024799e-05
47,55,-0.000294500589001178
47,56,-3.1000062000123996e-05
47,57,-0.000170500341000682
47,58,-0.00023250046500093
47,59,-0.000170500341000682
47,60,-0.00013950027900055798
47,61,-0.000170500341000682
47,62,-0.000201500403000806
47,63,-0.000186000372000744
47,64,-0.000201500403000806
47,65,-0.000186000372000744
47,66,-0.00015500031000062
47,67,-1.5500031000061998e-05
47,68,-0.00015500031000062
47,69,-0.00015500031000062
47,70,-0.00015500031000062
47,71,-0.00013950027900055798
47,72,-4.6500093000186e-05
47,73,-3.1000062000123996e-05
47,74,-3.1000062000123996e-05
47,75,-0.000108500217000434
47,76,-0.000108500217000434
48,49,-0.001193502387004774
48,50,-0.000341000682001364
48,51,-0.001193502387004774
48,52,-0.000341000682001364
48,53,-0.000170500341000682
48,54,-0.000682001364002728
48,55,0.00069750139500279
48,56,-0.000341000682001364
48,57,0.002061504123008246
48,58,0.001379502759005518
48,59,0.002061504123008246
48,60,0.00240250480500961
48,61,0.002061504123008246
48,62,0.001720503441006882
48,63,0.0018910037820075642
48,64,0.001720503441006882
48,65,0.0018910037820075642
48,66,0.0022320044640089277
48,67,-0.000170500341000682
48,68,0.0022320044640089277
48,69,0.0022320044640089277
48,70,-0.00170500341000682
48,71,0.00240250480500961
48,72,-0.0005115010230020459
48,73,0.003596007192014384
48,74,0.003596007192014384
48,75,0.002743505487010974
48,76,0.002743505487010974
49,50,0.003828507657015314
49,51,0.0035572571145142287
49,52,-0.000108500217000434
49,53,-5.4250108500217e-05
49,54,0.00372000744001488
49,55,0.002906255812511625
49,56,0.003828507657015314
49,57,-0.000596751193502387
49,58,-0.000813751627503255
49,59,-0.000596751193502387
49,60,-0.000488250976501953
49,61,-0.000596751193502387
49,62,-0.0007052514105028209
49,63,-0.000651001302002604
49,64,-0.0007052514105028209
49,65,-0.000651001302002604
49,66,-0.00054250108500217
49,67,-5.4250108500217e-05
49,68,-0.00054250108500217
49,69,-0.00054250108500217
49,70,-0.00054250108500217
49,71,-0.000488250976501953
49,72,-0.000162750325500651
49,73,-0.000108500217000434
49,74,-0.000108500217000434
49,75,-0.00037975075950151896
49,76,-0.00037975075950151896
50,51,-0.000108500217000434
50,52,-3.1000062000123996e-05
50,53,-1.5500031000061998e-05
50,54,-6.200012400024799e-05
50,55,-0.000294500589001178
50,56,-3.1000062000123996e-05
50,57,-0.000170500341000682
50,58,-0.00023250046500093
50,59,-0.000170500341000682
50,60,-0.00013950027900055798
50,61,-0.000170500341000682
50,62,-0.000201500403000806
50,63,-0.000186000372000744
50,64,-0.000201500403000806
50,65,-0.000186000372000744
50,66,-0.00015500031000062
50,67,-1.5500031000061998e-05
50,68,-0.00015500031000062
50,69,-0.00015500031000062
50,70,-0.00015500031000062
50,71,-0.00013950027900055798
50,72,-4.6500093000186e-05
50,73,-3.1000062000123996e-05
50,74,-3.1000062000123996e-05
50,75,-0.000108500217000434
50,76,-0.000108500217000434
51,52,0.003828507657015314
51,53,0.003882757765515531
51,54,0.00372000744001488
51,55,0.002906255812511625
51,56,-0.000108500217000434
51,57,-0.000596751193502387
51,58,-0.000813751627503255
51,59,-0.000596751193502387
51,60,-0.000488250976501953
51,61,-0.000596751193502387
51,62,-0.0007052514105028209
51,63,-0.000651001302002604
51,64,-0.0007052514105028209
51,65,-0.000651001302002604
51,66,-0.00054250108500217
51,67,-5.4250108500217e-05
51,68,-0.00054250108500217
51,69,-0.00054250108500217
51,70,-0.00054250108500217
51,71,-0.000488250976501953
51,72,-0.000162750325500651
51,73,-0.000108500217000434
51,74,-0.000108500217000434
51,75,-0.00037975075950151896
51,76,-0.00037975075950151896
52,53,-1.5500031000061998e-05
52,54,-6.200012400024799e-05
52,55,-0.000294500589001178
52,56,-3.1000062000123996e-05
52,57,-0.000170500341000682
52,58,-0.00023250046500093
52,59,-0.000170500341000682
52,60,-0.00013950027900055798
52,61,-0.000170500341000682
52,62,-0.000201500403000806
52,63,-0.000186000372000744
52,64,-0.000201500403000806
52,65,-0.000186000372000744
52,66,-0.00015500031000062
52,67,-1.5500031000061998e-05
52,68,-0.00015500031000062
52,69,-0.00015500031000062
52,70,-0.00015500031000062
52,71,-0.00013950027900055798
52,72,-4.6500093000186e-05
52,73,-3.1000062000123996e-05
52,74,-3.1000062000123996e-05
52,75,-0.000108500217000434
52,76,-0.000108500217000434
53,54,-3.1000062000123996e-05
53,55,-0.000147250294500589
53,56,-1.5500031000061998e-05
53,57,-8.5250170500341e-05
53,58,-0.000116250232500465
53,59,-8.5250170500341e-05
53,60,-6.975013950027899e-05
53,61,-8.5250170500341e-05
53,62,-0.000100750201500403
53,63,-9.3000186000372e-05
53,64,-0.000100750201500403
53,65,-9.3000186000372e-05
53,66,-7.750015500031e-05
53,67,-7.750015500030999e-06
53,68,-7.750015500031e-05
53,69,-7.750015500031e-05
53,70,-7.750015500031e-05
53,71,-6.975013950027899e-05
53,72,-2.3250046500093e-05
53,73,-1.5500031000061998e-05
53,74,-1.5500031000061998e-05
53,75,-5.4250108500217e-05
53,76,-5.4250108500217e-05
54,55,0.003348006696013392
54,56,-6.200012400024799e-05
54,57,-0.000341000682001364
54,58,-0.00046500093000186
54,59,-0.000341000682001364
54,60,-0.00027900055800111597
54,61,-0.000341000682001364
54,62,-0.000403000806001612
54,63,-0.000372000744001488
54,64,-0.000403000806001612
54,65,-0.000372000744001488
54,66,-0.00031000062000124
54,67,-3.1000062000123996e-05
54,68,-0.00031000062000124
54,69,-0.00031000062000124
54,70,-0.00031000062000124
54,71,-0.00027900055800111597
54,72,-9.3000186000372e-05
54,73,-6.200012400024799e-05
54,74,-6.200012400024799e-05
54,75,-0.000217000434000868
54,76,-0.000217000434000868
55,56,0.0036425072850145702
55,57,0.0023172546345092693
55,58,0.001728253456506913
55,59,0.0023172546345092693
55,60,-0.001325252650505301
55,61,0.0023172546345092693
55,62,0.002022754045508091
55,63,0.00217000434000868
55,64,0.002022754045508091
55,65,0.00217000434000868
55,66,-0.00147250294500589
55,67,-0.000147250294500589
55,68,-0.00147250294500589
55,69,-0.00147250294500589
55,70,-0.00147250294500589
55,71,-0.001325252650505301
55,72,-0.000441750883501767
55,73,-0.000294500589001178
55,74,-0.000294500589001178
55,75,-0.001030752061504123
55,76,-0.001030752061504123
56,57,-0.000170500341000682
56,58,-0.00023250046500093
56,59,-0.000170500341000682
56,60,-0.00013950027900055798
56,61,-0.000170500341000682
56,62,-0.000201500403000806
56,63,-0.000186000372000744
56,64,-0.000201500403000806
56,65,-0.000186000372000744
56,66,-0.00015500031000062
56,67,-1.5500031000061998e-05
56,68,-0.00015500031000062
56,69,-0.00015500031000062
56,70,-0.00015500031000062
56,71,-0.00013950027900055798
56,72,-4.6500093000186e-05
56,73,-3.1000062000123996e-05
56,74,-3.1000062000123996e-05
56,75,-0.000108500217000434
56,76,-0.000108500217000434
57,58,0.0026582553165106332
57,59,0.0029992559985119968
57,60,-0.0007672515345030689
57,61,0.0029992559985119968
57,62,0.002828755657511315
57,63,0.002914005828011656
57,64,0.002828755657511315
57,65,0.002914005828011656
57,66,-0.00085250170500341
57,67,0.0038517577035154073
57,68,-0.00085250170500341
57,69,-0.00085250170500341
57,70,-0.00085250170500341
57,71,-0.0007672515345030689
57,72,-0.00025575051150102297
57,73,-0.000170500341000682
57,74,-0.000170500341000682
57,75,-0.000596751193502387
57,76,-0.000596751193502387
58,59,0.0026582553165106332
58,60,0.002890755781511563
58,61,0.0026582553165106332
58,62,0.002425754851509703
58,63,0.0025420050840101677
58,64,0.002425754851509703
58,65,0.0025420050840101677
58,66,0.0027745055490110983
58,67,-0.000116250232500465
58,68,-0.0011625023250046499
58,69,-0.0011625023250046499
58,70,0.0027745055490110983
58,71,-0.0010462520925041852
58,72,-0.00034875069750139496
58,73,-0.00023250046500093
58,74,-0.00023250046500093
58,75,-0.000813751627503255
58,76,0.003123256246512493
59,60,0.003169756339512679
59,61,0.0029992559985119968
59,62,0.002828755657511315
59,63,0.002914005828011656
59,64,0.002828755657511315
59,65,0.002914005828011656
59,66,0.003084506169012338
59,67,-8.5250170500341e-05
59,68,-0.00085250170500341
59,69,-0.00085250170500341
59,70,-0.00085250170500341
59,71,-0.0007672515345030689
59,72,-0.00025575051150102297
59,73,-0.000170500341000682
59,74,-0.000170500341000682
59,75,-0.000596751193502387
59,76,-0.000596751193502387
60,61,0.003169756339512679
60,62,0.0030302560605121208
60,63,0.0031000062000123996
60,64,0.0030302560605121208
60,65,0.0031000062000123996
60,66,0.003239506479012958
60,67,-6.975013950027899e-05
60,68,-0.0006975013950027899
60,69,-0.0006975013950027899
60,70,-0.0006975013950027899
60,71,-0.0006277512555025109
60,72,-0.000209250418500837
60,73,-0.00013950027900055798
60,74,-0.00013950027900055798
60,75,-0.000488250976501953
60,76,-0.000488250976501953
61,62,0.002828755657511315
61,63,0.002914005828011656
61,64,0.002828755657511315
61,65,0.002914005828011656
61,66,0.003084506169012338
61,67,-8.5250170500341e-05
61,68,-0.00085250170500341
61,69,-0.00085250170500341
61,70,-0.00085250170500341
61,71,-0.0007672515345030689
61,72,-0.00025575051150102297
61,73,-0.000170500341000682
61,74,-0.000170500341000682
61,75,-0.000596751193502387
61,76,-0.000596751193502387
62,63,0.002728005456010912
62,64,0.002627255254510509
62,65,0.002728005456010912
62,66,0.002929505859011718
62,67,-0.000100750201500403
62,68,-0.0010075020150040299
62,69,-0.0010075020150040299
62,70,-0.0010075020150040299
62,71,-0.000906751813503627
62,72,-0.000302250604501209
62,73,-0.000201500403000806
62,74,-0.000201500403000806
62,75,-0.0007052514105028209
62,76,0.003231756463512927
63,64,0.002728005456010912
63,65,0.002821005642011284
63,66,0.003007006014012028
63,67,-9.3000186000372e-05
63,68,-0.00093000186000372
63,69,-0.00093000186000372
63,70,-0.00093000186000372
63,71,-0.000837001674003348
63,72,-0.00027900055800111597
63,73,-0.000186000372000744
63,74,-0.000186000372000744
63,75,-0.000651001302002604
63,76,0.0032860065720131436
64,65,0.002728005456010912
64,66,0.002929505859011718
64,67,-0.000100750201500403
64,68,-0.0010075020150040299
64,69,-0.0010075020150040299
64,70,-0.0010075020150040299
64,71,-0.000906751813503627
64,72,-0.000302250604501209
64,73,-0.000201500403000806
64,74,-0.000201500403000806
64,75,-0.0007052514105028209
64,76,0.003231756463512927
65,66,0.003007006014012028
65,67,-9.3000186000372e-05
65,68,-0.00093000186000372
65,69,-0.00093000186000372
65,70,-0.00093000186000372
65,71,-0.000837001674003348
65,72,-0.00027900055800111597
65,73,-0.000186000372000744
65,74,-0.000186000372000744
65,75,-0.000651001302002604
65,76,0.0032860065720131436
66,67,-7.750015500031e-05
66,68,-0.0007750015500031
66,69,-0.0007750015500031
66,70,-0.0007750015500031
66,71,-0.0006975013950027899
66,72,-0.00023250046500093
66,73,-0.00015500031000062
66,74,-0.00015500031000062
66,75,-0.00054250108500217
66,76,0.0033945067890135783
67,68,-7.750015500031e-05
67,69,-7.750015500031e-05
67,70,-7.750015500031e-05
67,71,-6.975013950027899e-05
67,72,-2.3250046500093e-05
67,73,-1.5500031000061998e-05
67,74,-1.5500031000061998e-05
67,75,-5.4250108500217e-05
67,76,-5.4250108500217e-05
68,69,0.003162006324012648
68,70,0.003162006324012648
68,71,0.003239506479012958
68,72,-0.00023250046500093
68,73,-0.00015500031000062
68,74,-0.00015500031000062
68,75,0.0033945067890135783
68,76,-0.00054250108500217
69,70,0.003162006324012648
69,71,0.003239506479012958
69,72,-0.00023250046500093
69,73,-0.00015500031000062
69,74,-0.00015500031000062
69,75,0.0033945067890135783
69,76,-0.00054250108500217
70,71,0.003239506479012958
70,72,-0.00023250046500093
70,73,-0.00015500031000062
70,74,-0.00015500031000062
70,75,0.0033945067890135783
70,76,-0.00054250108500217
71,72,-0.000209250418500837
71,73,-0.00013950027900055798
71,74,-0.00013950027900055798
71,75,0.003448756897513795
71,76,-0.000488250976501953
72,73,-4.6500093000186e-05
72,74,-4.6500093000186e-05
72,75,-0.000162750325500651
72,76,-0.000162750325500651
73,74,0.003906007812015624
73,75,-0.000108500217000434
73,76,-0.000108500217000434
74,75,-0.000108500217000434
74,76,-0.000108500217000434
75,76,-0.00037975075950151896
